glottocode;language;colexification;exists_blue;macroarea;latitude;longitude;family;glottocode_family;status;to_lookin_glotto;subsistence;popsize_ethno;popsize_wiki
abkh1244;Abkhaz;none;yes;Eurasia;43.06;41.16;Abkhaz-Adyge;abkh1242;alive;ok;AGR;117350;190110
abkh1244;Abkhaz;none;yes;Eurasia;42.999497;41.017252;Abkhaz-Adyge;abkh1242;alive;ok;AGR;117350;190110
abui1241;Abui;green;no;Papunesia;-8.31058;124.588;Timor-Alor-Pantar;timo1261;alive;ok;AGR;16000;17000
abui1241;Abui  Fuimelang;green;no;Papunesia;-8.236;124.6783;Timor-Alor-Pantar;timo1261;alive;ok;AGR;16000;17000
abui1241;Abui  Takalelang;green;no;Papunesia;-8.1887;124.6264;Timor-Alor-Pantar;timo1261;alive;ok;AGR;16000;17000
abui1241;Abui  Ulaga;green;no;Papunesia;-8.403792;124.623702;Timor-Alor-Pantar;timo1261;alive;ok;AGR;16000;17000
abui1241;Papuna;none;yes;Papunesia;-8.334706;124.715864;Timor-Alor-Pantar;timo1261;alive;ok;AGR;16000;17000
acha1249;Achang (Longchuan);none;yes;Eurasia;24.466605;97.89503;Sino-Tibetan;sino1245;alive;ok;AGR;62700;60000
ache1246;Ach?®;green;no;South America;-25.5865;-56.4697;Tupian;tupi1275;alive;ok;HG;1500;910
adan1251;Adang  Otvai;green;no;Papunesia;-8.1837;124.4979;Timor-Alor-Pantar;timo1261;alive;ok;AGR;31800;3000
adon1237;Adonara Lamaholot;green;no;Papunesia;-8.3757;123.2375;Austronesian;aust1307;alive;ok;AGR;17000;98000
adyg1241;Adyghe;green;no;Eurasia;44.65;40;Abkhaz-Adyge;abkh1242;alive;ok;AGR;499300;575900
adyg1241;Adyghe;green;no;Eurasia;44.018006;39.420799;Abkhaz-Adyge;abkh1242;alive;ok;AGR;499300;575900
aghu1253;Aghul;none;yes;Eurasia;41.92;47.58;Nakh-Daghestanian;nakh1245;alive;ok;AGR;28332;29300
aghu1253;Aghul;none;yes;Eurasia;41.9242;47.5843;Nakh-Daghestanian;nakh1245;alive;ok;AGR;28332;29300
agua1253;Aguaruna;none;yes;South America;-5.30044;-77.9218;Chicham;jiva1245;alive;ok;AGR;38300;56584
ainu1240;Hokkaido Ainu;green;no;Eurasia;43.63;142.46;Ainu;ainu1252;alive;ok;HG;15;10
ainu1240;Hokkaido Ainu;yellow;mixed_with;Eurasia;43.63;142.46;Ainu;ainu1252;alive;ok;HG;15;10
akhv1239;Akhvakh (Northern dialect);none;yes;Eurasia;42.4003;46.3037;Nakh-Daghestanian;nakh1245;alive;ok;AGR;6500;210
akhv1239;Akhvakh (Southern dialect);none;yes;Eurasia;42.4003;46.3037;Nakh-Daghestanian;nakh1245;alive;ok;AGR;6500;210
alba1267;Standard Albanian;none;yes;Eurasia;41.33;19.85;Indo-European;indo1319;alive;ok;AGR;6200000;6200000
aleu1260;Aleut;none;yes;North America;52.12;-174.29;Eskimo-Aleut;eski1264;alive;ok;HG;490;200
aleu1260;Aleut;none;yes;North America;52.12;-174.29;Eskimo-Aleut;eski1264;alive;ok;HG;490;200
alor1247;Alorese  Alor-Besar;none;yes;Papunesia;-8.2222047;124.4084444;Austronesian;aust1307;alive;ok;AGR;25000;25000
alor1247;Alorese  Bana;none;yes;Papunesia;-8.176126;124.285994;Austronesian;aust1307;alive;ok;AGR;25000;25000
alor1247;Alorese  Baranusa;none;yes;Papunesia;-8.3613;124.0939;Austronesian;aust1307;alive;ok;AGR;25000;25000
alor1247;Alorese  Baranusa;none;yes;Papunesia;-8.361888;124.094494;Austronesian;aust1307;alive;ok;AGR;25000;25000
alor1247;Alorese  Beaong Onong;green;no;Papunesia;-8.310903;124.031987;Austronesian;aust1307;alive;ok;AGR;25000;25000
alor1247;Alorese  Buaya;none;yes;Papunesia;-8.182806;124.375247;Austronesian;aust1307;alive;ok;AGR;25000;25000
alor1247;Alorese  Dulolong;none;yes;Papunesia;-8.252034;124.450591;Austronesian;aust1307;alive;ok;AGR;25000;25000
alor1247;Alorese  Helandohi;green;no;Papunesia;-8.208019;124.28722;Austronesian;aust1307;alive;ok;AGR;25000;25000
alor1247;Alorese  Kecil;none;yes;Papunesia;-8.271256;124.411719;Austronesian;aust1307;alive;ok;AGR;25000;25000
alor1247;Alorese  Marica;none;yes;Papunesia;-8.348647;123.966102;Austronesian;aust1307;alive;ok;AGR;25000;25000
alor1247;Alorese  Munaseli;none;yes;Papunesia;-8.1927045;124.3070337;Austronesian;aust1307;alive;ok;AGR;25000;25000
alor1247;Alorese  Pandai;none;yes;Papunesia;-8.21559;124.2643342;Austronesian;aust1307;alive;ok;AGR;25000;25000
alor1247;Alorese  Ternate;none;yes;Papunesia;-8.210253;124.376706;Austronesian;aust1307;alive;ok;AGR;25000;25000
alor1247;Alorese  Wailawar;green;no;Papunesia;-8.218032;124.229612;Austronesian;aust1307;alive;ok;AGR;25000;25000
amba1266;Nembao;none;yes;Papunesia;-11.2958;166.498;Austronesian;aust1307;alive;ok;NA;590;590
anci1242;Ancient Greek;none;yes;Eurasia;39.8155;21.9129;Indo-European;indo1319;old;ok;AGR;0;0
anci1242;Classical Greek;green. grey;no;Eurasia;37.696861;23.999205;Indo-European;indo1319;written_only;ok;AGR;0;0
andi1255;Andi;green;no;Eurasia;42.81;46.29;Nakh-Daghestanian;nakh1245;alive;ok;AGR;21800;20000
andi1255;Andi;green;no;Eurasia;42.8078;46.2919;Nakh-Daghestanian;nakh1245;alive;ok;AGR;21800;20000
anut1237;Anuta;green;no;Papunesia;-11.61;169.85;Austronesian;aust1307;alive;ok;AGR;270;270
apat1240;Apatani;green;no;Eurasia;27.12;93.44;Sino-Tibetan;sino1245;alive;ok;AGR;24000;44815
arao1248;Araona;none;yes;South America;-12.4242;-67.7293;Pano-Tacanan;pano1259;alive;ok;HG;81;110
arch1244;Archi;none;yes;Eurasia;42;46.8333;Nakh-Daghestanian;nakh1245;alive;ok;AGR;1200;970
arch1244;Archi (variety 1);none;yes;Eurasia;42.3239;46.8267;Nakh-Daghestanian;nakh1245;alive;ok;AGR;1200;970
area1240;'Are'are (1);none;yes;Papunesia;-9.20699;161.158;Austronesian;aust1307;alive;ok;AGR;17900;18000
aros1241;Arosi (1);none;yes;Papunesia;-10.2441;161.432;Austronesian;aust1307;alive;ok;AGR;6750;6750
asum1237;Asumboa;none;yes;Papunesia;-11.2969;166.499;Austronesian;aust1307;alive;ok;NA;10;10
atim1239;Abui  Atimelang;green;no;Papunesia;-8.226;124.6683;Timor-Alor-Pantar;timo1261;alive;ok;AGR;NA;NA
avar1256;Avar;none;yes;Eurasia;41.7;46.56;Nakh-Daghestanian;nakh1245;alive;ok;AGR;788960;766500
avar1256;Avar;none;yes;Eurasia;41.7047;46.558;Nakh-Daghestanian;nakh1245;alive;ok;AGR;788960;766500
axiy1235;Yi (Mile);none;yes;Eurasia;27.16;105.61;Sino-Tibetan;sino1245;alive;ok;AGR;100000;100000
ayor1240;Ayoreo;none;yes;South America;-19.220055;-60.217495;Zamucoan;zamu1243;alive;ok;AGR;3070;2189
baba1268;Mbambatana;none;yes;Papunesia;-7.22281;157.149;Austronesian;aust1307;alive;ok;NA;7070;7070
baba1268;Tun?Âe;green;no;Papunesia;-7.22281;157.149;Austronesian;aust1307;alive;ok;NA;7070;7070
baeg1237;Mbaengguu;none;yes;Papunesia;-8.49014;160.771;Austronesian;aust1307;alive;ok;AGR;5900;5900
bael1237;Mbaelelea;none;yes;Papunesia;-8.41627;160.721;Austronesian;aust1307;alive;ok;AGR;8800;8800
bagv1239;Bagvalal;none;yes;Eurasia;42.3966;46.1041;Nakh-Daghestanian;nakh1245;alive;ok;AGR;6500;1450
baka1276;Blagar  Bakalang;green;no;Papunesia;-8.2634;124.2972;Timor-Alor-Pantar;timo1261;alive;ok;AGR;NA;NA
bash1264;Bashkir;sky;yes;Eurasia;53.6;56.56;Turkic;turk1311;alive;ok;AGR;1451340;1200000
basq1248;Basque;grey;mixed_with;Eurasia;43.28;-1.32;Basque;basq1248;alive;ok;AGR;658960;537860
basq1248;Basque;grey;mixed_with;Eurasia;43.2787;-1.31622;Basque;basq1248;alive;ok;AGR;658960;537860
bata1314;Mwulyen;none;yes;Africa;9.68091;12.677;Afro-Asiatic;afro1255;alive;ok;AGR;152500;152500
bats1242;Tsova-Tush;none;yes;Eurasia;42.1806;45.344;Nakh-Daghestanian;nakh1245;alive;ok;AGR;3420;3420
batu1258;Batuley;green;no;Papunesia;-5.735916;134.812861;Austronesian;aust1307;alive;ok;AGR;3840;3600
baur1252;Bauro (2);none;yes;Papunesia;-10.5826;161.863;Austronesian;aust1307;alive;ok;AGR;4980;5000
bela1254;Belarusian;none;yes;Eurasia;53.23;25.6;Indo-European;indo1319;alive;ok;AGR;8618630;7900000
beng1280;Bengali;none;yes;Eurasia;24;90;Indo-European;indo1319;alive;ok;AGR;181272900;242659750
beng1280;Bengali;none;yes;Eurasia;23.7805733;90.2792399;Indo-European;indo1319;alive;ok;AGR;181272900;242659750
bezh1248;Bezhta;green;no;Eurasia;42.0833;46.1667;Nakh-Daghestanian;nakh1245;alive;ok;AGR;6200;6000
bezh1248;Bezhta;green;no;Eurasia;42.1206;46.0332;Nakh-Daghestanian;nakh1245;alive;ok;AGR;6200;6000
biak1248;Biak;none;yes;Papunesia;-1.003358;135.815912;Austronesian;aust1307;alive;ok;HG;30000;70000
biak1248;Biak;none;yes;Papunesia;-0.9523;135.879;Austronesian;aust1307;alive;ok;HG;30000;70000
biao1254;Biao Min;green;no;Eurasia;25.82286;111.29622;Hmong-Mien;hmon1336;alive;ok;AGR;43000;43000
bilu1245;Mbilua and Ndovele;none;yes;Papunesia;-7.92388;156.663;Bilua;bilu1245;alive;ok;AGR;8740;8700
bima1247;Bima;none;yes;Papunesia;-8.53818;118.843333;Austronesian;aust1307;alive;ok;AGR;500000;500000
bino1238;Tukang Besi  Binongko Popalia;none;yes;Papunesia;-5.961514;124.027918;Austronesian;aust1307;alive;ok;NA;NA;NA
bira1254;Mbirao;none;yes;Papunesia;-9.73716;160.52;Austronesian;aust1307;alive;ok;NA;5900;5900
bitt1240;Pusing;none;yes;Eurasia;21.3474;101.916;Austroasiatic;aust1305   ;alive;ok;AGR;1730;2200
biyo1243;Biyue;none;yes;Eurasia;22.511;101.652;Sino-Tibetan;sino1245;alive;ok;AGR;120000;120000
blab1237;Ghove;none;yes;Papunesia;-8.15058;159.419;Austronesian;aust1307;alive;ok;AGR;1770;1150
blag1240;Blagar;green;no;Papunesia;-8.31787;124.251;Timor-Alor-Pantar;timo1261;alive;ok;AGR;11000;10000
blag1240;Blagar  Nule;green;no;Papunesia;-8.3672;124.2409;Timor-Alor-Pantar;timo1261;alive;ok;AGR;11000;10000
blag1240;Blagar  Tuntuli;green;no;Papunesia;-8.2056;124.2907;Timor-Alor-Pantar;timo1261;alive;ok;AGR;11000;10000
blan1242;Bulang;green  yellow;no;Eurasia;22.0092;99.7405;Austroasiatic;aust1305   ;alive;ok;HG;55200;68000
boga1251;Boka;black;mixed_with;Africa;10.188;12.936;Afro-Asiatic;afro1255;alive;ok;AGR;10000;10000
boly1239;Paliu;none;yes;Eurasia;24.7013;104.955;Austroasiatic;aust1305   ;alive;ok;NA;10000;500
botl1242;Botlikh;none;yes;Eurasia;42.665;46.22;Nakh-Daghestanian;nakh1245;alive;ok;AGR;5500;210
bret1244;Breton;green  unripe;no;Eurasia;48.25;-3.79;Indo-European;indo1319;alive;ok;AGR;500045;206000
bret1244;Breton;green  unripe;no;Eurasia;47.995619;-4.102864;Indo-European;indo1319;alive;ok;AGR;500045;206000
bret1244;Breton;green  unripe;no;Eurasia;48.2452;-3.78934;Indo-European;indo1319;alive;ok;AGR;500045;206000
budu1248;Budukh;none;yes;Eurasia;41.18169;48.371;Nakh-Daghestanian;nakh1245;alive;ok;AGR;1000;200
budu1248;Budukh;none;yes;Eurasia;41.2272;48.3353;Nakh-Daghestanian;nakh1245;alive;ok;AGR;1000;200
bugh1239;Dhadhaje;none;yes;Papunesia;-8.47948;159.802;Austronesian;aust1307;alive;ok;NA;4050;4100
bulg1262;Bulgarian;none;yes;Eurasia;42.7;23.8;Indo-European;indo1319;alive;ok;AGR;9097220;9000000
bulg1262;Bulgarian;none;yes;Eurasia;42.698586;23.3535;Indo-European;indo1319;alive;ok;AGR;9097220;9000000
bulg1262;Bulgarian;none;yes;Eurasia;43.3646;25.047;Indo-European;indo1319;alive;ok;AGR;9097220;9000000
buna1278;Bunak  Bobonaro;green;no;Papunesia;-9.033683;125.323406;Timor-Alor-Pantar;timo1261;alive;ok;AGR;100000;76000
buna1278;Bunak  Suai;green;no;Papunesia;-9.221923;125.225417;Timor-Alor-Pantar;timo1261;alive;ok;AGR;100000;76000
bura1292;Bura;green;no;Africa;10.4822;12.3007;Afro-Asiatic;afro1255;alive;ok;AGR;200000;9500000
buri1258;Buryat;none;yes;Eurasia;51.83;107.6;Mongolic-Khitan;mong1349;alive;ok;AGR;329000;329000
buru1296;Burushaski;green  grey;no;Eurasia;36.22;74.82;Burushaski;buru1296;alive;ok;AGR;87000;112000
buru1303;Buru;none;yes;Papunesia;-3.489321;126.66412;Austronesian;aust1307;alive;ok;AGR;51722;33000
buru1303;Buru;none;yes;Papunesia;-3.44;126.63;Austronesian;aust1307;alive;ok;AGR;51722;33000
buso1238;Busoa;none;yes;Papunesia;-5.61;122.62;Austronesian;aust1307;alive;ok;AGR;2300;2300
cavi1250;Cavine??a;green;no;South America;-13.622401;-66.857422;Pano-Tacanan;pano1259;alive;ok;HG;1180;1700
cavi1250;Cavine??a;green;no;South America;-13.3544;-66.6277;Pano-Tacanan;pano1259;alive;ok;HG;1180;1700
cayu1262;Cayuvava;none;yes;South America;-13.2482;-65.4822;Cayubaba;cayu1262;alive;ok;AGR;0;4
cent1394;Chuanqiandian  Southern Guizhou;green  raw;no;Eurasia;25.586343;106.323467;Hmong-Mien;hmon1336;alive;ok;AGR;70000;70000
cent2050;Kanuri;none;yes;Africa;12;13;Saharan;saha1256;alive;ok;AGR;3240500;3240500
cent2074;So'a;none;yes;Papunesia;-8.68;121.05;Austronesian;aust1307;alive;ok;AGR;10000;10000
cent2128;Central Siberian Yupik;none;yes;Eurasia;63.43;-170.27;Eskimo-Aleut;eski1264;alive;ok;HG;1130;1800
cent2128;Central Siberian Yupik;none;yes;Eurasia;63.43;-170.27;Eskimo-Aleut;eski1264;alive;ok;HG;1130;1800
cent2128;Central Siberian Yupik;none;yes;Eurasia;63.43;-170.27;Eskimo-Aleut;eski1264;alive;ok;HG;1130;1800
cent2142;Aymara;none;yes;South America;-17;-68.5;Aymaran;ayma1253;alive;ok;AGR;2262900;2262900
cent2355;Nage  Central;green;no;Papunesia;-8.7067;121.1901;Austronesian;aust1307;alive;ok;NA;NA;NA
chac1249;Cayapa;green;no;South America;0.71489;-79.0508;Barbacoan;barb1265;alive;ok;AGR;9500;10000
chac1251;Ch?ícobo;green;no;South America;-11.811339;-66.439941;Pano-Tacanan;pano1259;alive;ok;AGR;550;600
chac1251;Ch?ícobo;green;no;South America;-12.133;-66.7164;Pano-Tacanan;pano1259;alive;ok;AGR;550;600
chad1240;Chadong;none;yes;Eurasia;25.23532;109.96041;Tai-Kadai;taik1256;alive;ok;NA;20000;20000
cham1309;Chamalal;none;yes;Eurasia;42.5024;45.995;Nakh-Daghestanian;nakh1245;alive;ok;AGR;5000;500
chec1245;Chechen;none;yes;Eurasia;43.315979;45.685017;Nakh-Daghestanian;nakh1245;alive;ok;AGR;1341000;1529000
chec1245;Chechen (Akkin dialect);green;no;Eurasia;43.5;45.5;Nakh-Daghestanian;nakh1245;alive;ok;AGR;1341000;1529000
chek1238;Leleghia;none;yes;Papunesia;-8.27055;159.625;Austronesian;aust1307;alive;ok;AGR;10800;10800
chep1245;Chepang;green;no;Eurasia;27.7206;84.9017;Sino-Tibetan;sino1245;alive;ok;AGR;36800;49000
chew1245;Ceq Wong;none;yes;Eurasia;3.8807;102.456;Austroasiatic;aust1305   ;alive;ok;AGR;660;460
chib1270;Muisca;green;no;South America;6.24999;-74.1666;Chibcham;jiva1245;old;ok;AGR;0;0
chip1262;Chipaya;none;yes;South America;-18.73951;-67.89633;Uru-Chipaya;uruc1242;alive;ok;AGR;1200;1800
chir1284;Dargwa (Chirag dialect);none;yes;Eurasia;41.869481;47.41111;Nakh-Daghestanian;nakh1245;alive;ok;AGR;2000;2000
chon1284;Chong;none;yes;Eurasia;12.5218;102.514;Austroasiatic;aust1305   ;alive;ok;AGR;5500;500
chuk1273;Chukchi;none;yes;Eurasia;68.64;170.04;Chukotko-Kamchatkan;chuk1271;alive;ok;HG;7740;5100
chuk1273;Chukchi;none;yes;Eurasia;68.64;170.04;Chukotko-Kamchatkan;chuk1271;alive;ok;HG;7740;5100
chur1257;Old Church Slavonic;none;yes;Eurasia;43.955965;22.871767;Indo-European;indo1319;old;ok;AGR;0;0
chur1257;Old Church Slavonic;none;yes;Eurasia;43.7171;22.8442;Indo-European;indo1319;old;ok;AGR;0;0
chuv1255;Chuvash;grey;mixed_with;Eurasia;55.49;47.16;Turkic;turk1311;alive;ok;AGR;1674420;1279650
ciac1237;Cia-Cia  Gonda Baru;none;yes;Papunesia;-5.58045;122.73825;Austronesian;aust1307;alive;ok;AGR;79000;80000
ciac1237;Cia-Cia  Lapandewa;none;yes;Papunesia;-5.39368;122.97893;Austronesian;aust1307;alive;ok;AGR;79000;80000
ciac1237;Cia-Cia  Mambulu;none;yes;Papunesia;-5.68953;122.63715;Austronesian;aust1307;alive;ok;AGR;79000;80000
ciac1237;Cia-Cia  Wasambua;none;yes;Papunesia;-5.6046;122.59627;Austronesian;aust1307;alive;ok;AGR;79000;80000
ciba1236;Cibak;none;yes;Africa;10.8977;12.902;Afro-Asiatic;afro1255;alive;ok;AGR;100000;200000
cine1238;Nakatsa;none;yes;Africa;11.1319;13.8187;Afro-Asiatic;afro1255;alive;ok;AGR;3000;3000
clas1254;Tibetan (Written);none;yes;Eurasia;30.027852;91.158704;Sino-Tibetan;sino1245;old;ok;AGR;0;0
cofa1242;Cof?ín;green;no;South America;0.276675;-77.0643;Cofan;cofa1242;alive;ok;AGR;1700;1700
colo1256;Colorado;green;no;South America;-0.21181;-79.2347;Barbacoan;barb1265;alive;ok;AGR;2300;2300
croa1245;Croatian;none;yes;Eurasia;45.2;16.83;Indo-European;indo1319;alive;ok;AGR;5546590;5800000
croa1245;Croatian;none;yes;Eurasia;45.813486;15.992661;Indo-European;indo1319;alive;ok;AGR;5546590;5800000
czec1258;Czech;none;yes;Eurasia;49.87;15.1;Indo-European;indo1319;alive;ok;AGR;9490840;11500000
czec1258;Czech;none;yes;Eurasia;50.071244;14.468136;Indo-European;indo1319;alive;ok;AGR;9490840;11500000
czec1258;Czech;none;yes;Eurasia;49.873398;15.10437;Indo-European;indo1319;alive;ok;AGR;9490840;11500000
dadu1237;Dadu'a;none;yes;Papunesia;-8.489721;125.903071;Austronesian;aust1307;alive;ok;NA;NA;NA
dani1285;Danish;none;yes;Eurasia;55.6;12.5;Indo-European;indo1319;alive;ok;AGR;5581690;5621380
dani1285;Danish;none;yes;Eurasia;55.679885;12.583182;Indo-European;indo1319;alive;ok;AGR;5581690;5621380
dani1285;Danish;none;yes;Eurasia;54.8655;9.36284;Indo-European;indo1319;alive;ok;AGR;5581690;5621380
darg1241;Dargwa;none;yes;Eurasia;42.43;47.44;Nakh-Daghestanian;nakh1245;alive;ok;AGR;516490;490000
darg1241;Dargwa;none;yes;Eurasia;42.4257;47.4388;Nakh-Daghestanian;nakh1245;alive;ok;AGR;516490;490000
dass1243;Dwot;none;yes;Africa;9.9325;9.51838;Afro-Asiatic;afro1255;alive;ok;AGR;8830;37582
dein1238;Deing;none;yes;Papunesia;-8.3488;124.1304;Timor-Alor-Pantar;timo1261;alive;ok;AGR;NA;NA
dela1252;Dela;green;no;Papunesia;-10.890303;122.843183;Austronesian;aust1307;alive;ok;AGR;NA;NA
dera1245;Dera;none;yes;Papunesia;-3.52309;140.947;Senagi;sena1264;alive;ok;AGR;1690;1700
dera1248;Dera;none;yes;Africa;10.072;12.0256;Afro-Asiatic;afro1255;alive;ok;AGR;20000;20000
dghw1239;Z???vana;none;yes;Africa;11.05751;13.77847;Afro-Asiatic;afro1255;alive;ok;AGR;30000;30000
dhao1237;Dhao;green;no;Papunesia;-10.816034;122.66431;Austronesian;aust1307;alive;ok;AGR;5000;5000
dido1241;Tsez;none;yes;Eurasia;42.26;45.81;Nakh-Daghestanian;nakh1245;alive;ok;AGR;15400;13000
dido1241;Tsez (Mokok dialect);green  unripe;no;Eurasia;42.2646;45.8096;Nakh-Daghestanian;nakh1245;alive;ok;AGR;15400;13000
dobe1238;Dobel;green;no;Papunesia;-6.33;134.64;Austronesian;aust1307;alive;ok;AGR;13400;2000
dong1286;Diaocao;none;yes;Eurasia;25.435;100.178;Sino-Tibetan;sino1245;alive;ok;NA;30000;30000
dong1287;Dongnu;green;no;Eurasia;24.201523;107.957327;Hmong-Mien;hmon1336;alive;ok;AGR;NA;NA
dori1246;Dori'o;none;yes;Papunesia;-9.11536;160.897;Austronesian;aust1307;alive;ok;AGR;2410;2400
drun1238;Trung [Dulong];none;yes;Eurasia;27.749017;98.691868;Sino-Tibetan;sino1245;alive;ok;HG;22843;14000
duke1237;Nduke;none;yes;Papunesia;-7.97768;157.064;Austronesian;aust1307;alive;ok;AGR;2310;2300
dutc1256;Dutch;none;yes;Eurasia;52;5;Indo-European;indo1319;alive;ok;AGR;21730290;24000000
dutc1256;Dutch;none;yes;Eurasia;52.5;6;Indo-European;indo1319;alive;ok;AGR;21730290;24000000
dutc1256;Dutch;none;yes;Eurasia;52.374367;4.898126;Indo-European;indo1319;alive;ok;AGR;21730290;24000000
dzao1238;Zao Min;green;no;Eurasia;24.612303;112.266749;Hmong-Mien;hmon1336;alive;ok;AGR;60000;60000
east1436;Nepali;none;yes;Eurasia;27.59470333;87.62008333;Indo-European;indo1319;alive;ok;AGR;13875700;13875700
east2295;Yiddish;none;yes;Eurasia;51.959579;20.148303;Indo-European;indo1319;alive;ok;AGR;1762320;1762320
east2295;Yiddish;none;yes;Eurasia;51.75;19.42;Indo-European;indo1319;alive;ok;AGR;1762320;1762320
east2328;Mari;none;yes;Eurasia;55.8307;48.405;Uralic;ural1272;alive;ok;AGR;460090;482000
east2328;Meadow Mari;none;yes;Eurasia;57;49.5;Uralic;ural1272;alive;ok;AGR;460090;482000
east2370;Qiandong  East;green;no;Eurasia;27.78098;110.499463;Hmong-Mien;hmon1336;alive;ok;AGR;350000;350000
east2371;Xiangxi  East;none;yes;Eurasia;28.124036;109.890473;Hmong-Mien;hmon1336;alive;ok;AGR;80000;80000
east2555;Chiriguano;green;no;South America;-20.42;-63.37;Tupian;tupi1275;alive;ok;AGR;51230;51000
ekaa1234;Yijiacun;none;yes;Eurasia;23.475;99.865;Sino-Tibetan;sino1245;alive;ok;NA;3000;3000
elam1244;Elamite;none;yes;Eurasia;31.1833;48.2333;Elamite;elam1244;old;ok;AGR;0;0
emab1235;Langja Buyang;none;yes;Eurasia;23.604572;106.030277;Tai-Kadai;taik1256;alive;ok;AGR;300;300
enap1235;Panare;green;no;South America;6.95035;-65.8483;Cariban;cari1283;alive;ok;AGR;3540;3500
ende1246;Ende;green;no;Papunesia;-8.72;121.56;Austronesian;aust1307;alive;ok;AGR;87000;124000
epen1239;Epena;none;yes;South America;4.25877;-77.3566;Chocoan;choc1280;alive;ok;AGR;3550;3802
eray1237;Ili'uun;green;no;Papunesia;-7.744376;125.916523;Austronesian;aust1307;alive;ok;NA;NA;NA
eree1240;rGyalrong (Jinchuan Guaninqiao Wobzi);green;no;Eurasia;31.639053;101.445432;Sino-Tibetan;sino1245;alive;ok;NA;NA;NA
eryu1239;Eryuan;none;yes;Eurasia;26.538056;99.91;Sino-Tibetan;sino1245;alive;ok;NA;NA;NA
erzy1239;Erzya;none;yes;Eurasia;53;45.5;Uralic;ural1272;alive;ok;AGR;696630;96860
erzy1239;Erzya Mordvin;none;yes;Eurasia;52.8548;45.3901;Uralic;ural1272;alive;ok;AGR;696630;96860
esee1248;Ese Ejja;green;no;South America;-11.7268;-67.515;Pano-Tacanan;pano1259;alive;ok;HG;1770;700
esto1258;Estonian;none;yes;Eurasia;59.25;24.75;Uralic;ural1272;alive;ok;AGR;1164770;1164770
esto1258;Estonian;none;yes;Eurasia;58.55;25.82;Uralic;ural1272;alive;ok;AGR;1164770;1164770
even1259;Evenki;none;yes;Eurasia;65.75;105.3;Tungusic;tung1282;alive;ok;HG;27615;15800
even1259;Evenki;none;yes;Eurasia;65.75;105.3;Tungusic;tung1282;alive;ok;HG;27615;15800
faga1239;Faghani;none;yes;Papunesia;-10.4479;161.662;Austronesian;aust1307;alive;ok;NA;900;900
fali1285;Fali ?wagira;none;yes;Africa;10.5419;13.4087;Afro-Asiatic;afro1255;alive;ok;AGR;25000;25000
fata1245;Fataleka;none;yes;Papunesia;-8.59041;160.861;Austronesian;aust1307;alive;ok;AGR;6700;6700
fata1247;Fataluku;none;yes;Papunesia;-8.4394;126.9821;Timor-Alor-Pantar;timo1261;alive;ok;AGR;30000;37000
fata1247;Fataluku;none;yes;Papunesia;-8.49464;127.08;Timor-Alor-Pantar;timo1261;alive;ok;AGR;30000;37000
finn1318;Finnish;none;yes;Eurasia;61;24.45;Uralic;ural1272;alive;ok;AGR;5009390;5413380
finn1318;Finnish;none;yes;Eurasia;60.173335;24.941099;Uralic;ural1272;alive;ok;AGR;5009390;5413380
finn1318;Finnish;none;yes;Eurasia;64.7628;25.5577;Uralic;ural1272;alive;ok;AGR;5009390;5413380
fore1265;Forest Enets;none;yes;Eurasia;69.98;88.21;Uralic;ural1272;alive;ok;split;20;10
funa1237;Funai Helong;none;yes;Papunesia;-10.241153;123.689805;Austronesian;aust1307;alive;ok;NA;NA;NA
gaan1243;Ga?anda;none;yes;Africa;10.2955;12.6479;Afro-Asiatic;afro1255;alive;ok;AGR;43000;43000
gali1262;Kali'na;none;yes;South America;5.5;-56;Cariban;cari1283;alive;ok;AGR;7430;10000
galo1243;Galolen;none;yes;Papunesia;-8.61;125.96;Austronesian;aust1307;alive;ok;AGR;50000;11000
gaoo1237;Poro;none;yes;Papunesia;-8.35163;159.789;Austronesian;aust1307;alive;ok;NA;1220;1200
gaww1239;Gawwada;sky;yes;Africa;5.5;37.25;Afro-Asiatic;afro1255;alive;ok;AGR;32700;69000
gdon1234;rGyalrong (Maerkang Japhug Shaerzong (B));none;yes;Eurasia;32.159653;102.159643;Sino-Tibetan;sino1245;alive;ok;NA;NA;NA
geji1246;Geji;none;yes;Africa;10.3478;9.64965;Afro-Asiatic;afro1255;alive;ok;AGR;6000;6000
gela1263;Nggela;none;yes;Papunesia;-9.04587;160.186;Austronesian;aust1307;alive;ok;AGR;11900;12000
gela1263;Geser-Gorom;green;no;Papunesia;-4.004276;131.405702;Austronesian;aust1307;alive;ok;AGR;36500;37000
ghan1242;Ghanongga;none;yes;Papunesia;-8.02035;156.552;Austronesian;aust1307;alive;ok;NA;2510;2500
ghar1239;Ghari;none;yes;Papunesia;-9.4791;159.917;Austronesian;aust1307;alive;ok;AGR;12100;12000
ghod1238;Godoberi;bruise;yes;Eurasia;42.7428;46.2252;Nakh-Daghestanian;nakh1245;alive;ok;AGR;3000;130
ghul1238;Uncunwee;black. dark;mixed_with;Africa;11.6432;29.8122;Nubian;nubi1251;alive;ok;AGR;16000;33000
goem1240;Ankwe;green;no;Africa;8.74455;9.72453;Afro-Asiatic;afro1255;alive;ok;AGR;200000;347005
gree1278;Sanchong Kelao;none;yes;Eurasia;22.5632;104.698;Tai-Kadai;taik1256;alive;ok;AGR;300;300
gude1246;Fali Mucella and Gude;none;yes;Africa;10.2138;13.403;Afro-Asiatic;afro1255;alive;ok;AGR;96000;90000
gudu1250;Gudu;none;yes;Africa;10.1206;12.5359;Afro-Asiatic;afro1255;alive;ok;AGR;5000;5000
guib1244;Nung-Fengshan and Nung-Lazhai;none;yes;Eurasia;24.3;106.2;Tai-Kadai;taik1256;alive;ok;AGR;1000000;1000000
gula1270;Kwai;none;yes;Papunesia;-8.74742;161.023;Austronesian;aust1307;alive;ok;AGR;1570;1600
guri1247;Gurindji;green;no;Australia;-17.0329;130.379;Pama-Nyungan;pama1250;alive;ok;HG;540;240
guri1247;Gurindji;green;no;Australia;-17.6667;130.667;Pama-Nyungan;pama1250;alive;ok;HG;540;240
guru1261;Gurung;none;yes;Eurasia;27.41687;86.28988;Sino-Tibetan;sino1245;alive;ok;AGR;201300;325622
guuu1237;Muna  Kolowa;none;yes;Papunesia;-5.344488;122.617786;Austronesian;aust1307;alive;ok;NA;NA;NA
habu1241;Habun;none;yes;Papunesia;-8.77;125.97;Austronesian;aust1307;alive;ok;AGR;1260;2700
halh1238;Khalkha Mongolian;none;yes;Eurasia;48.32;106.29;Mongolic-Khitan;mong1349;alive;ok;AGR;2341240;2704030
hama1240;Hamap  Moru;green;no;Papunesia;-8.2668;124.5183;Timor-Alor-Pantar;timo1261;alive;ok;AGR;1290;1290
hani1248;Hani;none;yes;Eurasia;22.67753;102.8516733;Sino-Tibetan;sino1245;alive;ok;AGR;518620;740000
haus1257;Hausa;none;yes;Africa;11.1513;8.7804;Afro-Asiatic;afro1255;alive;ok;AGR;24988000;80000000
haus1257;Hausa;none;yes;Africa;12;7;Afro-Asiatic;afro1255;alive;ok;AGR;24988000;80000000
hawa1245;Hawaiian;none;yes;Papunesia;19.5833;-155.5;Austronesian;aust1307;alive;ok;AGR;1000;26205
hawa1245;Hawaiian;none;yes;Papunesia;21.903317;-160.135279;Austronesian;aust1307;alive;ok;AGR;1000;26205
hawa1245;Hawaiian;none;yes;Papunesia;19.6297;-155.43;Austronesian;aust1307;alive;ok;AGR;1000;26205
hebr1245;Modern Hebrew;none;yes;Eurasia;31.11;35.02;Afro-Asiatic;afro1255;alive;ok;AGR;5316700;5000000
heqi1238;Heqing;none;yes;Eurasia;26.0991374;99.9416161;Sino-Tibetan;sino1245;alive;ok;NA;NA;NA
high1278;Nahuatl (Sierra de Zacapoaxtla variety);green;no;North America;20.1554;-97.5556;Uto-Aztecan;utoa1244;alive;ok;AGR;125000;125000
hind1269;Hindi;none;yes;Eurasia;27.2;78;Indo-European;indo1319;alive;ok;AGR;181676620;322230097
hind1269;Hindi;none;yes;Eurasia;25.458226;80.335868;Indo-European;indo1319;alive;ok;AGR;181676620;322230097
hind1269;Hindi;none;yes;Eurasia;25;77;Indo-European;indo1319;alive;ok;AGR;181676620;322230097
hinu1240;Hinuq;none;yes;Eurasia;42.4502;45.8064;Nakh-Daghestanian;nakh1245;alive;ok;AGR;550;350
hitt1242;Hittite;none;yes;Eurasia;40.013951;34.621158;Indo-European;indo1319;old;ok;AGR;0;0
hitt1242;Hittite;none;yes;Eurasia;40;35;Indo-European;indo1319;old;ok;AGR;0;0
hlai1239;Hlai (Baoting variety);green  unripe;no;Eurasia;18.8062;109.459;Tai-Kadai;taik1256;alive;ok;AGR;667000;700000
hmon1333;White Hmong;green;no;Eurasia;26;105;Hmong-Mien;hmon1336;alive;ok;AGR;80000;80000
hoav1238;Hoava;none;yes;Papunesia;-8.19679;157.595;Austronesian;aust1307;alive;ok;AGR;460;460
huba1236;Kilba;none;yes;Africa;10.3544;13.139;Afro-Asiatic;afro1255;alive;ok;AGR;175000;310000
hung1274;Hungarian;none;yes;Eurasia;46.91;19.66;Uralic;ural1272;alive;ok;AGR;12501270;15000000
hung1274;Hungarian;none;yes;Eurasia;47.497865;19.040247;Uralic;ural1272;alive;ok;AGR;12501270;15000000
hung1274;Hungarian;none;yes;Eurasia;46.90685857;19.65552714;Uralic;ural1272;alive;ok;AGR;12501270;15000000
hunz1247;Hunzib;none;yes;Eurasia;42.0808;46.1369;Nakh-Daghestanian;nakh1245;alive;ok;AGR;1840;1000
hupd1244;Hup;green;no;South America;0.166667;-69.25;Naduhup;nada1235;alive;ok;HG;1360;1700
huuu1240;Xu;none;yes;Eurasia;22.0163;100.881;Austroasiatic;aust1305   ;alive;ok;NA;1000;1000
hwan1240;Hwona;green;no;Africa;10.3633;12.7683;Afro-Asiatic;afro1255;alive;ok;AGR;32000;32000
icel1247;Icelandic;none;yes;Eurasia;63.48;-19.02;Indo-European;indo1319;alive;ok;AGR;238050;321040
icel1247;Icelandic;none;yes;Eurasia;64.144237;-21.939672;Indo-European;indo1319;alive;ok;AGR;238050;321040
idat1237;Idate;none;yes;Papunesia;-8.7719;125.9262;Austronesian;aust1307;alive;ok;AGR;5000;5000
idat1237;Idate;none;yes;Papunesia;-8.671212;125.991368;Austronesian;aust1307;alive;ok;AGR;5000;5000
igna1246;Ignaciano;none;yes;South America;-15.1188;-65.3993;Arawakan;araw1281;alive;ok;AGR;4500;4500
ihaa1241;Iha  Degen;green;no;Papunesia;-2.7064;132.1958;West Bomberai;west2604;alive;ok;AGR;5500;5500
ihaa1241;Iha  Homorkopma;none;yes;Papunesia;-2.7432;132.3373;West Bomberai;west2604;alive;ok;AGR;5500;5500
imba1240;Imbabura Quechua;none;yes;South America;0.333333;-78;Quechuan;quec1387;alive;ok;AGR;300000;300000
inan1242;Inanwatan;green;no;Papunesia;-2.08;132.16;South Bird's Head;sout1516;alive;ok;AGR;1130;800
inar1241;Inari Sami;none;yes;Eurasia;69.42;27.87;Uralic;ural1272;alive;check;AGR;300;300
indo1316;Indonesian;none;yes;Papunesia;-6.16417;106.846225;Austronesian;aust1307;alive;ok;AGR;23187680;43600000
indo1316;Indonesian;none;yes;Papunesia;-7.33;109.72;Austronesian;aust1307;alive;ok;AGR;23187680;43600000
indo1316;Indonesian;none;yes;Papunesia;-7.33458;109.716;Austronesian;aust1307;alive;ok;AGR;23187680;43600000
indo1317;Bajau;none;yes;Papunesia;-4.742282;122.42932;Austronesian;aust1307;alive;ok;HG;150000;150000
indo1319;Proto-Indo-European;green  grey  yellow;no;Eurasia;47.688327;31.897499;Indo-European;indo1319;alive;ok;AGR;NA;NA
ingu1240;Ingush;none;yes;Eurasia;43.467736;44.750595;Nakh-Daghestanian;nakh1245;alive;ok;AGR;413000;322900
ingu1240;Ingush;none;yes;Eurasia;43.11;45.03;Nakh-Daghestanian;nakh1245;alive;ok;AGR;413000;322900
iraq1241;Iraqw;none;yes;Africa;-4;35.5;Afro-Asiatic;afro1255;alive;ok;AGR;462000;460000
iris1253;Irish;grey;mixed_with;Eurasia;53.22;-7.62;Indo-European;indo1319;alive;ok;AGR;391470;141000
iris1253;Irish;grey;mixed_with;Eurasia;53.244432;-9.301101;Indo-European;indo1319;alive;ok;AGR;391470;141000
iris1253;Irish;grey;mixed_with;Eurasia;53.2186;-7.61509;Indo-European;indo1319;alive;ok;AGR;391470;141000
iron1242;Ossetic;green  unripe;no;Eurasia;42.98;44.61;Indo-European;indo1319;alive;ok;AGR;641450;497875
ital1282;Italian;none;yes;Eurasia;43.05;12.65;Indo-European;indo1319;alive;ok;AGR;61696677;64819790
ital1282;Italian;none;yes;Eurasia;43.115956;12.385145;Indo-European;indo1319;alive;ok;AGR;61696677;64819790
ital1282;Italian;none;yes;Eurasia;43.0464;12.6489;Indo-European;indo1319;alive;ok;AGR;61696677;64819790
itel1242;Itelmen;green;no;Eurasia;56.78;156.91;Chukotko-Kamchatkan;chuk1271;alive;ok;HG;380;82
itel1242;Itelmen;green;no;Eurasia;56.78;156.91;Chukotko-Kamchatkan;chuk1271;alive;ok;HG;380;82
iton1250;Itonama;none;yes;South America;-12.670255;-64.44043;Itonama;iton1250;alive;ok;HG;10;5
iton1250;Itonama;none;yes;South America;-12.80431;-64.35748;Itonama;iton1250;alive;ok;HG;10;5
iumi1238;Mien;none;yes;Eurasia;24.172823;110.054488;Hmong-Mien;hmon1336;alive;ok;AGR;818635;820000
iyoj1235;Chorote;none;yes;South America;-22.1896;-63.2383;Matacoan;mata1289;alive;ok;HG;800;800
jama1262;Jamaican Creole (Limonese Creole dialect);none;yes;North America;18.13;-77.2612;Indo-European;indo1319;alive;ok;AGR;3202600;3200000
jian1239;Jianchuan;none;yes;Eurasia;26.5536208;100.1396921;Sino-Tibetan;sino1245;alive;ok;NA;NA;NA
jing1260;Jingpho;none;yes;Eurasia;25.461826;97.329866;Sino-Tibetan;sino1245;alive;ok;NA;NA;NA
jion1236;Jiongnai;none;yes;Eurasia;24.071002;110.105752;Hmong-Mien;hmon1336;alive;ok;NA;1080;1100
jire1238;Tibetan (Jirel);green;no;Eurasia;27.6931;86.3201;Sino-Tibetan;sino1245;alive;ok;AGR;7070;4800
jude1256;Judeo-Tat;none;yes;Eurasia;42.068306;48.264749;Indo-European;indo1319;alive;ok;AGR;97020;106000
kaba1285;Moronene;none;yes;Papunesia;-5.260449;122.016514;Austronesian;aust1307;alive;ok;AGR;NA;NA
kaba1285;Moronene  Kabaena;green;no;Papunesia;-5.255084;121.898494;Austronesian;aust1307;alive;ok;AGR;NA;NA
kach1280;Jinghpo;none;yes;Eurasia;25.4634;97.3278;Sino-Tibetan;sino1245;alive;ok;AGR;940060;940000
kach1280;Jingpho;none;yes;Eurasia;25.28;97.2;Sino-Tibetan;sino1245;alive;ok;AGR;940060;940000
kaer1234;Kaera;green;no;Papunesia;-8.3287;124.0177;Timor-Alor-Pantar;timo1261;alive;ok;AGR;5500;5500
kaer1234;Kaera;green;no;Papunesia;-8.4047;124.2175;Timor-Alor-Pantar;timo1261;alive;ok;AGR;5500;5500
kaes1237;Kaisabu;none;yes;Papunesia;-5.47522;122.68673;Austronesian;aust1307;alive;ok;AGR;NA;NA
kafo1240;Kafoa;green;no;Papunesia;-8.3616;124.4478;Timor-Alor-Pantar;timo1261;alive;ok;AGR;1000;1000
kafo1240;Kafoa;green;no;Papunesia;-8.36572;124.446;Timor-Alor-Pantar;timo1261;alive;ok;AGR;1000;1000
kahu1241;Mami and Tawaroga;none;yes;Papunesia;-10.6963;162.191;Austronesian;aust1307;alive;ok;NA;5170;5200
kaik1246;Kaike;green;no;Eurasia;28.853;83.1384;Sino-Tibetan;sino1245;alive;ok;NA;790;50
kain1272;Kaing?íng;green  unripe  raw;no;South America;-27.7671;-52.5394;Nuclear-Macro-Je;nucl1710;alive;ok;HG;25875;18000
kajt1238;Dargwa (Khajdak dialect);none;yes;Eurasia;42.052428;47.776611;Nakh-Daghestanian;nakh1245;alive;ok;AGR;30000;30000
kala1399;Kalaallisut;none;yes;North America;69.38;-52.86;Eskimo-Aleut;eski1264;alive;ok;HG;57800;56200
kale1247;Pancana  Kalende;none;yes;Papunesia;-5.301788;122.929849;Austronesian;aust1307;alive;ok;NA;NA;NA
kali1300;Central Lembata  Kalikasa;none;yes;Papunesia;-8.463;123.4798;Austronesian;aust1307;alive;ok;NA;NA;NA
kalm1243;Kalmyk;green;no;Eurasia;46.57;45.32;Mongolic-Khitan;mong1349;alive;ok;AGR;499000;432800
kama1364;Kamaru;none;yes;Papunesia;-5.16;123.05;Austronesian;aust1307;alive;ok;NA;3500;3500
kama1365;Kamang;green;no;Papunesia;-8.26897;124.792;Timor-Alor-Pantar;timo1261;alive;ok;AGR;16500;6000
kama1365;Kamang  Atoitaa;green;no;Papunesia;-8.2543;124.8515;Timor-Alor-Pantar;timo1261;alive;ok;AGR;16500;6000
kamb1299;Kambera;none;yes;Papunesia;-9.953635;120.450471;Austronesian;aust1307;alive;ok;AGR;240000;240000
kamb1299;Kambera;none;yes;Papunesia;-9.88;120.23;Austronesian;aust1307;alive;ok;AGR;240000;240000
kamw1239;Higi Futu;green;no;Africa;10.646;13.5136;Afro-Asiatic;afro1255;alive;ok;AGR;300000;985000
kara1474;Karata;none;yes;Eurasia;42.6501;46.3151;Nakh-Daghestanian;nakh1245;alive;ok;AGR;5000;6000
kara1499;Kalamang;green;no;Papunesia;-3.481154;132.721147;West Bomberai;west2604;alive;ok;AGR;240;100
kara1500;Karaj?í;green;no;South America;-11.1881;-50.3492;Nuclear-Macro-Je;nucl1710;alive;ok;AGR;3600;2700
kare1335;North Karelian;none;yes;Eurasia;65.17;30.87;Uralic;ural1272;alive;ok;AGR;45000;35600
kare1348;Karekare;green;no;Africa;12.5176;10.8732;Afro-Asiatic;afro1255;alive;ok;AGR;150000;150000
karo1304;Karok;green  yellow;no;North America;41.8228;-123.315;Karok;karo1304;alive;ok;HG;10;12
karo1304;Karok;green  yellow;no;North America;41.8228;-123.315;Karok;karo1304;alive;ok;HG;10;12
kaza1248;Kazakh;none;yes;Eurasia;49.8;73.15;Turkic;turk1311;alive;ok;AGR;8331950;12900000
kaza1248;Kazakh;none;yes;Eurasia;51.157374;71.460067;Turkic;turk1311;alive;ok;AGR;8331950;12900000
keda1252;Kedang  Leubatang;none;yes;Papunesia;-8.322779;123.717692;Austronesian;aust1307;alive;ok;AGR;30000;30000
kekc1242;Q'eqchi';none;yes;North America;16;-89.8333;Mayan;maya1287;alive;ok;AGR;423500;1100000
kelo1247;Klon;green;no;Papunesia;-8.40688;124.429;Timor-Alor-Pantar;timo1261;alive;ok;AGR;6000;5000
kelo1247;Klon  Bring;green;no;Papunesia;-8.349705;124.423117;Timor-Alor-Pantar;timo1261;alive;ok;AGR;6000;5000
kelo1247;Klon  Hopter;green;no;Papunesia;-8.4018;124.4192056;Timor-Alor-Pantar;timo1261;alive;ok;AGR;6000;5000
kema1243;Kemak  Kailaku;none;yes;Papunesia;-8.999982;125.127782;Austronesian;aust1307;alive;ok;AGR;100000;72000
kema1243;Kemak  Kutubaba;none;yes;Papunesia;-8.977051;124.889898;Austronesian;aust1307;alive;ok;AGR;100000;72000
kema1243;Kemak  Lemia;none;yes;Papunesia;-9.067662;124.942512;Austronesian;aust1307;alive;ok;AGR;100000;72000
keoo1238;Keo  Dolima;none;yes;Papunesia;-8.853414;121.308656;Austronesian;aust1307;alive;ok;AGR;100000;100000
keoo1238;Keo  Gero;green;no;Papunesia;-8.7748;121.3314;Austronesian;aust1307;alive;ok;AGR;100000;100000
keoo1238;Keo  Kota Keo;none;yes;Papunesia;-8.820034;121.274577;Austronesian;aust1307;alive;ok;AGR;100000;100000
keoo1238;Keo  Udiworowatu;none;yes;Papunesia;-8.88922;121.2949;Austronesian;aust1307;alive;ok;AGR;100000;100000
keoo1238;Keo  Ute;none;yes;Papunesia;-8.747799;121.383079;Austronesian;aust1307;alive;ok;AGR;100000;100000
kett1243;Ket;none;yes;Eurasia;63.76;87.55;Yeniseian;yeni1252;alive;ok;HG;190;213
kett1243;Ket;none;yes;Eurasia;64;87;Yeniseian;yeni1252;alive;ok;HG;190;213
khal1275;Khaling;green;no;Eurasia;27.3912;87.5053;Sino-Tibetan;sino1245;alive;ok;AGR;18000;15000
khan1273;Khanty;none;yes;Eurasia;62.4308;66.1218;Uralic;ural1272;alive;ok;HG;13600;9584
khan1273;Northern Khanty;none;yes;Eurasia;62.43;66.12;Uralic;ural1272;alive;ok;HG;13600;9584
khap1242;Kha Poong;none;yes;Eurasia;18.25;105;Austroasiatic;aust1305   ;alive;ok;AGR;250;250
khas1269;Khasi;none;yes;Eurasia;24.977;91.9998;Austroasiatic;aust1305   ;alive;ok;AGR;865000;843000
khin1240;Khinalug;none;yes;Eurasia;41.175584;48.127456;Nakh-Daghestanian;nakh1245;alive;ok;AGR;1500;1000
khin1240;Khinalug;none;yes;Eurasia;41.1801;48.0571;Nakh-Daghestanian;nakh1245;alive;ok;AGR;1500;1000
khun1259;Tai Kh??n;none;yes;Eurasia;19.6062;99.3363;Tai-Kadai;taik1256;alive;ok;AGR;121280;120000
khva1239;Khwarshi (Kwantlada dialect);none;yes;Eurasia;42.2743;45.9977;Nakh-Daghestanian;nakh1245;alive;ok;AGR;1870;1740
kild1236;Kildin Saami;none;yes;Eurasia;67;37;Uralic;ural1272;alive;check;AGR;350;350
kild1236;Kildin Sami;none;yes;Eurasia;68.22;35.83;Uralic;ural1272;alive;check;AGR;350;350
kimm1245;Kim Mun;green;no;Eurasia;18.955781;109.86012;Hmong-Mien;hmon1336;alive;ok;AGR;374500;400000
kira1248;Kiraman;green;no;Papunesia;-8.3847;124.8334;Timor-Alor-Pantar;timo1261;alive;ok;NA;NA;NA
kiry1234;Fali Kiria;none;yes;Africa;10.48;13.36;Afro-Asiatic;afro1255;alive;ok;NA;7450;7450
koko1269;Kokota;green;no;Papunesia;-8.16481;159.191;Austronesian;aust1307;alive;ok;AGR;530;530
komi1268;Komi;bruise;yes;Eurasia;64.0527;54.946;Uralic;ural1272;alive;ok;AGR;217000;156000
komi1268;Komi-Zyrian;none;yes;Eurasia;64.05;54.95;Uralic;ural1272;alive;ok;AGR;217000;156000
komi1269;Komi-Permyak;none;yes;Eurasia;59.66;54.8;Uralic;ural1272;alive;ok;AGR;94300;63100
komo1261;Komodo;green;no;Papunesia;-8.65;119.47;Austronesian;aust1307;alive;ok;AGR;700;700
komy1238;Komyandaret;green;no;Papunesia;-5.25453;140.213;Nuclear Trans New Guinea;nucl1709;alive;ok;AGR;300;300
kore1280;Korean;none;yes;Eurasia;37.5;128;Koreanic;kore1284;alive;ok;AGR;66305890;77300000
koro1312;Korowai;green  black;no;Papunesia;-5.26952;140.047;Nuclear Trans New Guinea;nucl1709;alive;ok;HG;3500;3500
koto1251;Kotos Amarasi;none;yes;Papunesia;-10.243786;123.872438;Austronesian;aust1307;alive;ok;AGR;NA;NA
kryt1240;Kryz;none;yes;Eurasia;41.180749;48.191748;Nakh-Daghestanian;nakh1245;alive;ok;AGR;6000;10000
kryt1240;Kryz;none;yes;Eurasia;41.1811;48.1846;Nakh-Daghestanian;nakh1245;alive;ok;AGR;6000;10000
kuba1248;Dargwa (Kubachi dialect);none;yes;Eurasia;42.08504;47.601843;Nakh-Daghestanian;nakh1245;alive;ok;AGR;NA;NA
kuco1235;Kucong;green;no;Eurasia;22.26;101.25;Sino-Tibetan;sino1245;alive;ok;HG;46870;50000
kuii1253;Kui;none;yes;Papunesia;-8.38204;124.791;Timor-Alor-Pantar;timo1261;alive;ok;AGR;4240;800
kuii1253;Kui  Labaing;none;yes;Papunesia;-8.422124;124.524538;Timor-Alor-Pantar;timo1261;alive;ok;AGR;4240;800
kula1280;Kula  Lantoka;green;no;Papunesia;-8.2584306;124.9309167;Timor-Alor-Pantar;timo1261;alive;ok;AGR;5000;5000
kumb1274;Kumbewaha;none;yes;Papunesia;-5.34;123.15;Austronesian;aust1307;alive;ok;AGR;3400;3400
kumy1244;Kumyk;none;yes;Eurasia;43.718021;47.373272;Turkic;turk1311;alive;ok;AGR;422550;426212
kumy1244;Kumyk;none;yes;Eurasia;43;47;Turkic;turk1311;alive;ok;AGR;422550;426212
kunz1244;Kunza;none;yes;South America;-23;-69;Kunza;kunz1244;just_extinct;ok;AGR;0;0
kusa1251;Kusaghe;none;yes;Papunesia;-8.04056;157.463;Austronesian;aust1307;alive;ok;AGR;2400;2400
kusa1252;Kusa-Manea;none;yes;Papunesia;-9.4684;124.822642;Austronesian;aust1307;alive;ok;AGR;NA;NA
kwai1243;Kwaio;black;mixed_with;Papunesia;-8.93744;160.965;Austronesian;aust1307;alive;ok;AGR;13200;13000
labi1245;Jaku;none;yes;Africa;10.4847;9.59527;Atlantic-Congo;atla1278  ;alive;ok;AGR;13000;500
lagh1246;Samasodu;green;no;Papunesia;-8.00509;158.961;Austronesian;aust1307;alive;ok;NA;15;15
lahu1252;Lahu Shi;none;yes;Eurasia;21.2078;100.97;Sino-Tibetan;sino1245;alive;ok;AGR;196200;196200
lakk1238;Lakkia;none;yes;Eurasia;24.1169;110.106;Tai-Kadai;taik1256;alive;ok;AGR;12000;9000
lakk1252;Lak;none;yes;Eurasia;42.13;47.08;Nakh-Daghestanian;nakh1245;alive;ok;AGR;164420;154820
lakk1252;Lak;none;yes;Eurasia;42.1328;47.0809;Nakh-Daghestanian;nakh1245;alive;ok;AGR;164420;154820
lama1277;Ile Mandiri Lamaholot  Lewoingu;none;yes;Papunesia;-8.423064;122.816413;Austronesian;aust1307;alive;ok;AGR;150000;180000
lamb1273;Lamboya;green;no;Papunesia;-9.7;119.34;Austronesian;aust1307;alive;ok;AGR;25000;25000
lame1257;Lame;none;yes;Africa;10.7229;8.78768;Atlantic-Congo;atla1278  ;alive;ok;NA;10000;10000
lamm1241;Western Pantar;green;no;Papunesia;-8.52787;124.057;Timor-Alor-Pantar;timo1261;alive;ok;AGR;10000;10300
lang1316;Ecun Buyang;none;yes;Eurasia;23.550258;106.016896;Tai-Kadai;taik1256;alive;ok;NA;300;300
lanp1241;Lanping;none;yes;Eurasia;26.5158555;99.2581092;Sino-Tibetan;sino1245;alive;ok;NA;NA;NA
larg1235;Chuanqiandian  Northeast Yunnan;green;no;Eurasia;27.096059;103.698607;Hmong-Mien;hmon1336;alive;ok;AGR;300000;300000
lasa1237;Lasalimu;none;yes;Papunesia;-5.24;123.13;Austronesian;aust1307;alive;ok;AGR;1700;1700
lati1261;Latin;none;yes;Eurasia;41.9;12.45;Indo-European;indo1319;old;ok;AGR;0;0
lati1261;Latin;none;yes;Eurasia;41.890189;12.4923;Indo-European;indo1319;old;ok;AGR;0;0
lati1261;Latin;none;yes;Eurasia;41.9026;12.4502;Indo-European;indo1319;old;ok;AGR;0;0
latv1249;Latvian;none;yes;Eurasia;56.83;24.31;Indo-European;indo1319;alive;ok;AGR;1504880;1500000
latv1249;Latvian;none;yes;Eurasia;56.915;24.113274;Indo-European;indo1319;alive;ok;AGR;1504880;1500000
latv1249;Latvian;none;yes;Eurasia;56.826108;24.309118;Indo-European;indo1319;alive;ok;AGR;1504880;1500000
lauu1247;Lau North and Walade;none;yes;Papunesia;-8.51018;160.872;Austronesian;aust1307;alive;ok;AGR;16900;17000
leba1239;Teiwa  Lebang;none;yes;Papunesia;-8.257;124.2151;Timor-Alor-Pantar;timo1261;alive;ok;NA;NA;NA
leng1259;Lengo;none;yes;Papunesia;-9.56425;160.42;Austronesian;aust1307;alive;ok;NA;13800;14000
leng1262;Lengua;green;no;South America;-22.6559;-58.9053;Lengua-Mascoy;leng1261;alive;ok;HG;10200;10200
lepc1244;Lepcha;none;yes;Eurasia;27.05;88.34;Sino-Tibetan;sino1245;alive;ok;AGR;52830;66500
lezg1247;Lezgi (Mikrakh dialect);none;yes;Eurasia;41.5157;47.8951;Nakh-Daghestanian;nakh1245;alive;ok;AGR;783720;633610
lezg1247;Lezgian;none;yes;Eurasia;41.52;47.9;Nakh-Daghestanian;nakh1245;alive;ok;AGR;783720;633610
lezg1247;Lezgian;none;yes;Eurasia;41.553811;48.038979;Nakh-Daghestanian;nakh1245;alive;ok;AGR;783720;633610
lezg1247;Lezgian;none;yes;Eurasia;41.5157;47.8951;Nakh-Daghestanian;nakh1245;alive;ok;AGR;783720;633610
lioo1240;Lio;green;no;Papunesia;-8.69;121.84;Austronesian;aust1307;alive;ok;AGR;17000;17000
lisu1250;Lisu;none;yes;Eurasia;26.91;98.94;Sino-Tibetan;sino1245;alive;ok;AGR;767000;940000
lith1251;Lithuanian;none;yes;Eurasia;55.14;23.96;Indo-European;indo1319;alive;ok;AGR;3154180;4000000
lith1251;Lithuanian;none;yes;Eurasia;54.680183;25.255852;Indo-European;indo1319;alive;ok;AGR;3154180;4000000
lith1251;Lithuanian;none;yes;Eurasia;55.1429;23.9601;Indo-European;indo1319;alive;ok;AGR;3154180;4000000
livv1243;Olonets Karelian;none;yes;Eurasia;61;33;Uralic;ural1272;alive;ok;AGR;19270;30770
livv1244;Livonian;none;yes;Eurasia;57.57;22.03;Uralic;ural1272;alive;ok;AGR;15;40
lixi1238;rGyalrong (Lixian Xuecheng Jiamizhai);none;yes;Eurasia;31.617273;103.276061;Sino-Tibetan;sino1245;alive;ok;NA;NA;NA
lole1239;Lole;none;yes;Papunesia;-10.81453;123.10599;Austronesian;aust1307;alive;ok;AGR;20000;20000
long1395;Longgu;none;yes;Papunesia;-9.75258;160.663;Austronesian;aust1307;alive;ok;NA;1890;1500
lowe1385;Lower Sorbian;none;yes;Eurasia;51.75;14.3333;Indo-European;indo1319;alive;ok;AGR;7240;6670
lule1254;Lule Sami;none;yes;Eurasia;67.28;17.81;Uralic;ural1272;alive;ok;AGR;2000;2000
lung1249;Lungga;none;yes;Papunesia;-8.17469;156.573;Austronesian;aust1307;alive;ok;NA;2770;2800
luop1235;Luobuohe  Eastern;none;yes;Eurasia;26.63966;107.913354;Hmong-Mien;hmon1336;alive;ok;AGR;61000;61000
luop1235;Luobuohe  Western;none;yes;Eurasia;26.854607;107.226676;Hmong-Mien;hmon1336;alive;ok;AGR;61000;61000
luuu1242;Tai L??;none;yes;Eurasia;21.0321;101.282;Tai-Kadai;taik1256;alive;ok;AGR;701960;550000
lydi1241;Lydian;none;yes;Eurasia;38.488284;28.040288;Indo-European;indo1319;old;ok;AGR;0;0
maca1260;Maca;none;yes;South America;-25.0119;-57.3694;Matacoan;mata1289;alive;ok;HG;1500;1500
macu1259;Macushi;green;no;South America;4.31861;-60.2209;Cariban;cari1283;alive;ok;AGR;29100;9600
maer1238;rGyalrong;none;yes;Eurasia;28.33;102.42;Sino-Tibetan;sino1245;alive;ok;NA;NA;NA
maer1238;rGyalrong (Maerkang Bola (A));none;yes;Eurasia;31.915985;102.212059;Sino-Tibetan;sino1245;alive;ok;NA;NA;NA
maer1238;rGyalrong (Maerkang Soman);none;yes;Eurasia;31.864114;102.484959;Sino-Tibetan;sino1245;alive;ok;NA;NA;NA
mafa1239;Matakam;green;no;Africa;10.943;13.8181;Afro-Asiatic;afro1255;alive;ok;AGR;140910;2000000
maha1287;Mahasu Pahari (Kotghari dialect);green;no;Eurasia;31.0088;77.5317;Indo-European;indo1319;alive;ok;AGR;1000000;1000000
maka1316;Makasae;none;yes;Papunesia;-8.548563;126.505903;Timor-Alor-Pantar;timo1261;alive;ok;AGR;70000;102000
maka1316;Makasae;none;yes;Papunesia;-8.65843;126.507;Timor-Alor-Pantar;timo1261;alive;ok;AGR;70000;102000
mala1464;Malayalam;none;yes;Eurasia;9.59;76.77;Dravidian;drav1251;alive;ok;AGR;35893990;37100000
mamb1306;Central Mambae  Hatu-Builico;green;no;Papunesia;-8.888349;125.563692;Austronesian;aust1307;alive;ok;AGR;80000;130000
mamb1306;Central Mambae  Laulara;green;no;Papunesia;-8.619529;125.592092;Austronesian;aust1307;alive;ok;AGR;80000;130000
mamb1306;Central Mambae  Liquidoe;none;yes;Papunesia;-8.728878;125.7084;Austronesian;aust1307;alive;ok;AGR;80000;130000
mamb1306;Northwest Mambae  Barzatete;green;no;Papunesia;-8.623507;125.380998;Austronesian;aust1307;alive;ok;AGR;80000;130000
mamb1306;Northwest Mambae  Hatulia;none;yes;Papunesia;-8.776468;125.357167;Austronesian;aust1307;alive;ok;AGR;80000;130000
mamb1306;Northwest Mambae  Railaco;none;yes;Papunesia;-8.674155;125.466788;Austronesian;aust1307;alive;ok;AGR;80000;130000
mamb1306;South Mambae  Betano;none;yes;Papunesia;-9.138586;125.73097;Austronesian;aust1307;alive;ok;AGR;80000;130000
mamb1306;South Mambae  Hatu-Udo;none;yes;Papunesia;-9.139849;125.59773;Austronesian;aust1307;alive;ok;AGR;80000;130000
mamb1306;South Mambae  Letefoho;none;yes;Papunesia;-8.974955;125.647294;Austronesian;aust1307;alive;ok;AGR;80000;130000
mana1288;Manange;none;yes;Eurasia;28;84.25;Sino-Tibetan;sino1245;alive;ok;AGR;3740;390
manc1252;Manchu;none;yes;Eurasia;47.31;126.56;Tungusic;tung1282;alive;ok;AGR;60;20
mand1415;Mandarin;none;yes;Eurasia;40.0209;116.228;Sino-Tibetan;sino1245;alive;ok;AGR;845456760;1070000000
mand1415;Mandarin Chinese;green;no;Eurasia;40.02;116.23;Sino-Tibetan;sino1245;alive;ok;AGR;845456760;1070000000
mand1415;Mandarin Chinese;green;no;Eurasia;34;110;Sino-Tibetan;sino1245;alive;ok;AGR;845456760;1070000000
mand1415;Mandarin Chinese;green;no;Eurasia;40.01;116.14;Sino-Tibetan;sino1245;alive;ok;AGR;845456760;1070000000
mand1476;Burmese (Spoken Rangoon);none;yes;Eurasia;16.867489;96.191442;Sino-Tibetan;sino1245;alive;ok;NA;NA;NA
mang1378;Mang Ch;none;yes;Eurasia;21.4305;102.133;Austroasiatic;aust1305   ;alive;ok;NA;3165;4900
mang1405;Manggarai;green;no;Papunesia;-8.597801;119.933716;Austronesian;aust1307;alive;ok;AGR;500000;900000
mang1405;Manggarai;green;no;Papunesia;-8.56;120.33;Austronesian;aust1307;alive;ok;AGR;500000;900000
manm1238;Keme (Kemie variety);none;yes;Eurasia;22.0743;100.842;Austroasiatic;aust1305   ;alive;ok;NA;900;990
mans1258;Mansi;none;yes;Eurasia;64.4118;61.344;Uralic;ural1272;alive;ok;HG;2750;1000
mans1258;Mansi;none;yes;Eurasia;64.4118;61.344;Uralic;ural1272;alive;ok;HG;2750;1000
mans1258;Northern Mansi;none;yes;Eurasia;64.41;61.34;Uralic;ural1272;alive;ok;HG;2750;1000
mans1258;Northern Mansi;none;yes;Eurasia;64.41;61.34;Uralic;ural1272;alive;ok;HG;2750;1000
maon1241;Maonan;none;yes;Eurasia;25.0169;108.024;Tai-Kadai;taik1256;alive;ok;AGR;30000;30000
maor1246;Maori;none;yes;Papunesia;-37.731738;178.171952;Austronesian;aust1307;alive;ok;HG;60260;160000
maor1246;Maori;none;yes;Papunesia;-38.2881;176.541;Austronesian;aust1307;alive;ok;HG;60260;160000
mapu1245;Mapudungun;none;yes;South America;-38;-72;Araucanian;arau1255;alive;ok;AGR;300039;300000
mapu1245;Mapudungun;none;yes;South America;-38.7392;-71.277;Araucanian;arau1255;alive;ok;AGR;300039;300000
maqu1238;De'kwana;green  unripe;no;South America;4.70705;-64.3877;Cariban;cari1283;alive;ok;AGR;5950;6000
mara1378;Marathi;none;yes;Eurasia;16.697611;74.241441;Indo-European;indo1319;alive;ok;AGR;68061130;83100000
mara1378;Marathi;none;yes;Eurasia;17.9344;76.6665;Indo-European;indo1319;alive;ok;AGR;68061130;83100000
mara1397;Marau;none;yes;Papunesia;-1.66738;135.797;Austronesian;aust1307;alive;ok;AGR;1700;1700
maro1244;Marovo;none;yes;Papunesia;-8.37943;157.747;Austronesian;aust1307;alive;ok;AGR;8090;8100
masa1322;Banana and Massa;none;yes;Africa;10.0606;15.4748;Afro-Asiatic;afro1255;alive;ok;AGR;233000;230000
mash1270;Mashco Piro;none;yes;South America;-11.4745;-70.7953;Arawakan;araw1281;alive;ok;HG;60;60
masi1269;Cia-Cia  Masiri;none;yes;Papunesia;-5.4367;122.89965;Austronesian;aust1307;alive;ok;AGR;NA;NA
mawa1264;Muna  Wasilomata;none;yes;Papunesia;-5.313118;122.31757;Austronesian;aust1307;alive;ok;NA;NA;NA
mesm1239;Misme (Zime);none;yes;Africa;9.28888;15.7018;Afro-Asiatic;afro1255;alive;ok;no;20100;20000
mezq1235;Otomi;none;yes;North America;20.1667;-98.8333;Otomanguean;otom1299;alive;ok;AGR;100000;100000
midd1317;Middle English;none;yes;Eurasia;51.313607;-1.758622;Indo-European;indo1319;old;ok;AGR;0;0
midd1317;Middle English;none;yes;Eurasia;51.65;-1.11;Indo-European;indo1319;old;ok;AGR;0;0
midd1343;Middle High German;none;yes;Eurasia;48.742717;9.717403;Indo-European;indo1319;old;ok;AGR;0;0
midd1343;Middle High German;none;yes;Eurasia;48.254;10.599;Indo-European;indo1319;old;ok;AGR;0;0
midd1344;Middle Chinese;green  black  grey;no;Eurasia;40;116;Sino-Tibetan;sino1245;old;ok;AGR;0;0
midd1360;Middle Irish;none;yes;Eurasia;52.658918;-8.634407;Indo-European;indo1319;old;ok;AGR;NA;NA
midi1237;Midiki;none;yes;Papunesia;-8.646986;126.146467;Austronesian;aust1307;alive;ok;NA;NA;NA
mlab1235;Mlabri;none;yes;Eurasia;18.5533;101.163;Austroasiatic;aust1305   ;alive;ok;HG;300;130
moco1246;Mocov?¡;none;yes;South America;-28.097;-60.4145;Guaicuruan;guai1249;alive;ok;HG;4530;3000
mode1248;Modern Greek;none;yes;Eurasia;38;23.75;Indo-European;indo1319;alive;ok;AGR;13084490;15000000
mode1248;Modern Greek;none;yes;Eurasia;38.028622;23.694334;Indo-European;indo1319;alive;ok;AGR;13084490;15000000
mode1248;Modern Greek;none;yes;Eurasia;38.36;23.13;Indo-European;indo1319;alive;ok;AGR;13084490;15000000
moks1248;Moksha;none;yes;Eurasia;54.19;42.67;Uralic;ural1272;alive;ok;AGR;614000;2025
mono1273;Mono;none;yes;Papunesia;-7.05102;155.76;Austronesian;aust1307;alive;ok;AGR;3340;2940
morb1239;Mor;none;yes;Papunesia;-2.86;132.84;Mor;morb1239;alive;ok;HG;25;30
morb1239;Mor;none;yes;Papunesia;-2.85747;132.845;Mor;morb1239;alive;ok;HG;25;30
mose1249;Moset?®n;none;yes;South America;-14.441231;-68.29861;Moseten-Chimane;mose1249;alive;ok;AGR;5329;5313
mose1249;Moset?®n;none;yes;South America;-14.64448;-67.83756;Moseten-Chimane;mose1249;alive;ok;AGR;5329;5313
mosk1236;Moskona;none;yes;Papunesia;-1.62;133.15;East Bird's Head;east1459;alive;ok;AGR;8000;8000
mosk1236;Moskona;none;yes;Papunesia;-1.62201;133.145;East Bird's Head;east1459;alive;ok;AGR;8000;8000
movi1243;Movima;none;yes;South America;-14.164441;-65.672878;Movima;movi1243;alive;ok;AGR;1450;1400
movi1243;Movima;none;yes;South America;-13.8115;-65.6348;Movima;movi1243;alive;ok;AGR;1450;1400
mula1253;Mulam;none;yes;Eurasia;24.8151;108.928;Tai-Kadai;taik1256;alive;ok;AGR;86000;86000
mund1330;Munduruk??;none;yes;South America;-8.41095;-57.691;Tupian;tupi1275;alive;ok;AGR;10100;7000
muya1239;Nyagrong Minyag (Ganzi Xinlong);none;yes;Eurasia;30.932449;100.326871;Sino-Tibetan;sino1245;alive;ok;NA;10000;10000
nage1237;Nage  East;green;no;Papunesia;-8.7;121.31;Austronesian;aust1307;alive;ok;AGR;50000;50000
naka1265;Nakai;none;yes;Papunesia;-5.19377;140.512;Nuclear Trans New Guinea;nucl1709;alive;ok;NA;700;700
nana1257;Nanai;none;yes;Eurasia;48.43;134.8;Tungusic;tung1282;alive;ok;HG;3902;1390
nanh1240;Yi (Nanhua);none;yes;Eurasia;23.43;101.69;Sino-Tibetan;sino1245;alive;ok;NA;NA;NA
natu1246;Malo and Reefs;none;yes;Papunesia;-10.6771;165.835;Austronesian;aust1307;alive;ok;AGR;NA;NA
naue1237;Naueti;none;yes;Papunesia;-8.71;126.74;Austronesian;aust1307;alive;ok;NA;1000;15000
naxi1245;Naxi;none;yes;Eurasia;27.5;100;Sino-Tibetan;sino1245;alive;ok;AGR;310000;310000
nege1244;Negerhollands;none;yes;North America;18.3416;-64.8922;Indo-European;indo1319;just_extinct;ok;AGR;0;0
nene1249;Nenets;none;yes;Eurasia;66.1775;71.0234;Uralic;ural1272;alive;ok;AGR;31300;21926
nene1249;Tundra Nenets;none;yes;Eurasia;66.18;71.02;Uralic;ural1272;alive;ok;AGR;31300;21926
nepa1254;Nepali;none;yes;Eurasia;27.695645;85.338319;Indo-European;indo1319;alive;ok;AGR;15800000;15800000
nepa1254;Nepali;none;yes;Eurasia;28;85;Indo-European;indo1319;alive;ok;AGR;15800000;15800000
newa1246;Newar;none;yes;Eurasia;27.2614;84.9577;Sino-Tibetan;sino1245;alive;check;AGR;860000;860000
newa1246;Newari;none;yes;Eurasia;27.16;84.57;Sino-Tibetan;sino1245;alive;check;AGR;860000;860000
ngad1267;Ngadha;green;no;Papunesia;-8.8;120.98;Austronesian;aust1307;alive;ok;AGR;62120;69000
ngan1291;Nganasan;green;no;Eurasia;73.14;86.21;Uralic;ural1272;alive;ok;HG;500;125
ngan1291;Nganasan;green;no;Eurasia;73.14;86.21;Uralic;ural1272;alive;ok;HG;500;125
ngao1245;Nga'o  Oja;green;no;Papunesia;-8.69;121.44;Austronesian;aust1307;alive;ok;NA;NA;NA
ngao1245;Nga'o  Watumite;green;no;Papunesia;-8.72;121.41;Austronesian;aust1307;alive;ok;NA;NA;NA
ngas1240;Angas;none;yes;Africa;9.32042;9.46146;Afro-Asiatic;afro1255;alive;ok;AGR;400000;400000
nggw1242;Ngwaxi;none;yes;Africa;10.6058;12.9234;Afro-Asiatic;afro1255;alive;ok;AGR;2000;2000
ngiz1242;Ngizim;none;yes;Africa;12.1051;11.0178;Afro-Asiatic;afro1255;alive;ok;AGR;80000;80000
nina1238;Ninam (Shirishana variety);green  black  dark;no;South America;4.03894;-62.7801;Yanomamic;yano1268;alive;ok;HG;570;470
nina1238;Ninam (Shirishana variety);green  black  dark;no;South America;4.03894;-62.7801;Yanomamic;yano1268;alive;ok;HG;570;470
niva1238;Nivacl?®;none;yes;South America;-22.8557;-61.7606;Matacoan;mata1289;alive;ok;HG;13900;14000
noga1249;Nogai;sky;yes;Eurasia;43.5917;46.6618;Turkic;turk1311;alive;ok;AGR;90310;87000
nort1545;Jinsha Dai;none;yes;Eurasia;26.7238;106.682;Hmong-Mien;hmon1336;alive;ok;AGR;84000;84000
nort2641;Northern Kurdish;green;no;Eurasia;37;43;Indo-European;indo1319;alive;ok;AGR;9320240;14600000
nort2646;Northern Pashto;none;yes;Eurasia;32.1;67.2;Indo-European;indo1319;alive;ok;AGR;9720700;20900000
nort2671;Northern Saami;none;yes;Eurasia;69.418231;20.272909;Uralic;ural1272;alive;check;AGR;20000;20000
nort2671;Northern Saami;none;yes;Eurasia;68.725;22.1113;Uralic;ural1272;alive;check;AGR;20000;20000
nort2671;Northern Sami;none;yes;Eurasia;68.72;22.11;Uralic;ural1272;alive;check;AGR;20000;20000
nort2690;Northern Uzbek;none;yes;Eurasia;39.65;67;Turkic;turk1311;alive;ok;AGR;18817600;26912410
nort2697;Azerbaijani;sky;yes;Eurasia;40.98;46.47;Turkic;turk1311;alive;ok;AGR;7473270;9220610
nort2697;Azerbaijani;sky;yes;Eurasia;40.9777;46.4737;Turkic;turk1311;alive;ok;AGR;7473270;9220610
nort2697;North Azerbaijani;sky;yes;Eurasia;40.4;49.6;Turkic;turk1311;alive;ok;AGR;7473270;9220610
nort2740;Khamuang (Chiang Mai variety);none;yes;Eurasia;18.857495;100.20739;Tai-Kadai;taik1256;alive;ok;AGR;6009400;6029500
nort2745;Northern Yukaghir;none;yes;Eurasia;69;155;Yukaghir;yuka1259;alive;ok;HG;90;40
nort2747;Qiandong  North;green;no;Eurasia;26.68993;108.401145;Hmong-Mien;hmon1336;alive;ok;AGR;1250000;1250000
nort2749;Chuanqiandian  Central Guizhou;green;no;Eurasia;26.231562;106.861969;Hmong-Mien;hmon1336;alive;ok;AGR;70000;70000
nort2770;Yingilum;black;mixed_with;Africa;9.9249;13.6567;Atlantic-Congo;atla1278  ;alive;ok;AGR;16000;16000
nort2938;Northern Haida;none;yes;North America;54.004532;-132.079257;Haida;haid1248;alive;ok;HG;75;75
nort2938;Northern Haida;none;yes;North America;54.004532;-132.079257;Haida;haid1248;alive;ok;HG;75;75
nort2972;Embera;green;no;South America;7.12761;-77.574;Chocoan;choc1280;alive;ok;AGR;60200;72000
norw1258;Norwegian (Bokm?Ñl);none;yes;Eurasia;59.92;10.71;Indo-European;indo1319;alive;ok;AGR;5200000;5200000
norw1259;Norwegian (Bokm?Ñl);none;yes;Eurasia;59.912785;10.740802;Indo-European;indo1319;written_only;ok;AGR;0;0
nucl1235;Armenian;none;yes;Eurasia;40;45;Indo-European;indo1319;alive;ok;AGR;6376520;6700000
nucl1290;Wa;none;yes;Eurasia;23.1024;99.108;Austroasiatic;aust1305   ;alive;ok;AGR;40000;40000
nucl1301;Turkish;none;yes;Eurasia;39.87;32.87;Turkic;turk1311;alive;ok;AGR;50750120;82231620
nucl1301;Turkish;none;yes;Eurasia;39.926806;32.857539;Turkic;turk1311;alive;ok;AGR;50750120;82231620
nucl1302;Georgian;none;yes;Eurasia;41.85;43.79;Kartvelian;kart1248;alive;ok;AGR;4255270;3700000
nucl1302;Georgian;none;yes;Eurasia;41.619549;44.824791;Kartvelian;kart1248;alive;ok;AGR;4255270;3700000
nucl1305;Kannada;none;yes;Eurasia;13.59;76.12;Dravidian;drav1251;alive;ok;AGR;35327600;43506272
nucl1310;Nuclear Burmese;green;no;Eurasia;20.48;93.58;Sino-Tibetan;sino1245;alive;ok;AGR;32319700;32035300
nucl1516;Rembong;none;yes;Papunesia;-8.53;120.97;Austronesian;aust1307;alive;ok;NA;NA;NA
nucl1643;Japanese;unripe;yes;Eurasia;35;135;Japonic;japo1237;alive;ok;AGR;122080100;130000000
nucl1643;Japanese;unripe;yes;Eurasia;37;140;Japonic;japo1237;alive;ok;AGR;122080100;130000000
nucl1649;Tsimshian;none;yes;North America;52.59103;-128.544545;Tsimshian;tsim1258;alive;ok;HG;333;333
nucl1649;Tsimshian;none;yes;North America;52.59103;-128.544545;Tsimshian;tsim1258;alive;ok;HG;333;333
nucl1683;Daba;none;yes;Africa;10.3521;13.6318;Afro-Asiatic;afro1255;alive;ok;AGR;25000;25000
nucl1695;Bole(wa);none;yes;Africa;11.4839;11.2322;Afro-Asiatic;afro1255;alive;ok;AGR;100000;100000
nucl1696;Tangale;yellow;mixed_with;Africa;9.75444;11.3228;Afro-Asiatic;afro1255;alive;ok;AGR;130000;200000
nuji1238;Luobenzhuo;none;yes;Eurasia;26.4240223;98.8862088;Sino-Tibetan;sino1245;alive;ok;NA;NA;NA
numa1251;Numao;green;no;Eurasia;25.447767;108.064732;Hmong-Mien;hmon1336;alive;ok;NA;NA;NA
nung1283;Nung-Ninbei;none;yes;Eurasia;20.8965;104.286;Tai-Kadai;taik1256;alive;ok;AGR;856000;850000
nunu1247;Nunu;green;no;Eurasia;24.232341;107.194266;Hmong-Mien;hmon1336;alive;ok;NA;NA;NA
nusu1239;Nusu;green;no;Eurasia;26.7292;98.8801;Sino-Tibetan;sino1245;alive;ok;AGR;12000;13000
nuuc1236;Nuu-chah-nulth;none;yes;North America;49.67;-126.67;Wakashan;waka1280;alive;ok;HG;130;130
nuuc1236;Nuu-chah-nulth;none;yes;North America;49.67;-126.67;Wakashan;waka1280;alive;ok;HG;130;130
nuuc1236;Nuu-chah-nulth;none;yes;North America;49.67;-126.67;Wakashan;waka1280;alive;ok;HG;130;130
nyah1250;Nyakur;green;no;Eurasia;15.8909;101.515;Austroasiatic;aust1305   ;alive;ok;AGR;1500;1500
oduu1239;Iduh;none;yes;Eurasia;19.3497;104.106;Austroasiatic;aust1305   ;alive;ok;AGR;490;950
olda1245;Ancient Aramaic;none;yes;Eurasia;32.84;37;Afro-Asiatic;afro1255;alive;ok;AGR;0;0
oldb1235;Burmese (Written);none;yes;Eurasia;21.624974;97.126742;Sino-Tibetan;sino1245;old;ok;AGR;0;0
oldc1244;Old Chinese;green  black  grey;no;Eurasia;35.962789;114.363827;Sino-Tibetan;sino1245;old;ok;AGR;0;0
olde1238;Old English;none;yes;Eurasia;51.060696;-1.314163;Indo-European;indo1319;old;ok;AGR;0;0
olde1238;Old English;none;yes;Eurasia;51.06;-1.31;Indo-European;indo1319;old;ok;AGR;0;0
oldh1241;Old High German;dark;mixed_with;Eurasia;50.55;9.68333;Indo-European;indo1319;old;ok;AGR;0;0
oldh1241;Old High German;dark;mixed_with;Eurasia;49.795477;9.962616;Indo-European;indo1319;old;ok;AGR;0;0
oldh1241;Old High German;dark;mixed_with;Eurasia;52;10;Indo-European;indo1319;old;ok;AGR;0;0
oldi1245;Old Irish;green;no;Eurasia;53.726794;-6.873827;Indo-European;indo1319;old;ok;AGR;0;0
oldi1245;Old Irish;green;no;Eurasia;53;-8;Indo-European;indo1319;old;ok;AGR;0;0
oldn1244;Old Norse;black;mixed_with;Eurasia;63.426975;10.397522;Indo-European;indo1319;old;ok;AGR;0;0
oldn1244;Old Norse;black;mixed_with;Eurasia;63.42;10.38;Indo-European;indo1319;old;ok;AGR;0;0
olds1252;Old Swedish;black;mixed_with;Eurasia;58.481083;16.321936;Indo-European;indo1319;old;ok;AGR;0;0
onto1237;Ontong Java;green;no;Papunesia;-5.49029;159.701;Austronesian;aust1307;alive;ok;AGR;2370;2400
oroh1237;Oroha;green;no;Papunesia;-9.7386;161.513;Austronesian;aust1307;alive;ok;NA;38;38
oroq1238;Oroqen;none;yes;Eurasia;51.2829;126.111;Tungusic;tung1282;alive;ok;HG;1200;1200
osse1243;Ossetian;green  grey;no;Eurasia;43.18;44.23;Indo-European;indo1319;alive;ok;AGR;599250;599250
paez1247;P?íez;green;no;South America;2.61516;-76.3125;Paez;paez1247;alive;ok;AGR;38675;60000
pahn1237;Baheng  East;none;yes;Eurasia;27.11733;111.02615;Hmong-Mien;hmon1336;alive;ok;AGR;32370;34000
pahn1237;Baheng  West;none;yes;Eurasia;25.74971;109.286281;Hmong-Mien;hmon1336;alive;ok;AGR;32370;34000
palu1252;Palu'e;green;no;Papunesia;-8.34;121.73;Austronesian;aust1307;alive;ok;NA;10000;10000
panc1247;Pancana  Palowata;none;yes;Papunesia;-5.276334;122.732976;Austronesian;aust1307;alive;ok;NA;6000;7000
panj1256;Punjabi;none;yes;Eurasia;31.536604;74.349411;Indo-European;indo1319;alive;ok;AGR;28163600;113000000
pano1254;Catuquina;green;no;South America;-7.97456;-71.56151;Pano-Tacanan;pano1259;alive;ok;AGR;315;700
paok1235;Pa'o Karen;none;yes;Eurasia;20.13;97.36;Sino-Tibetan;sino1245;alive;ok;AGR;560740;1500000
para1311;Guaran?¡;green;no;South America;-25.60551;-57.08816;Tupian;tupi1275;alive;ok;AGR;4850000;4850000
pear1247;Pear;none;yes;Eurasia;13.593;105.028;Austroasiatic;aust1305   ;alive;ok;NA;1670;250
peve1243;Lame (Peve);none;yes;Africa;9.16111;14.441;Afro-Asiatic;afro1255;alive;ok;AGR;35720;35000
phai1238;Prai;none;yes;Eurasia;19.0383;101.218;Austroasiatic;aust1305   ;alive;ok;AGR;35000;40000
phon1246;Phong;none;yes;Eurasia;19.9622;104.088;Austroasiatic;aust1305   ;alive;ok;NA;1000;30700
pila1245;Pilag?í;none;yes;South America;-25.0058;-60.1537;Guaicuruan;guai1249;alive;ok;HG;4000;4000
pile1238;Pileni;green;no;Papunesia;-10.173335;166.247188;Austronesian;aust1307;alive;ok;AGR;1660;1700
plat1254;Malagasy;none;yes;Africa;-20;47;Austronesian;aust1307;alive;ok;AGR;7528900;7528900
polc1243;Polci;none;yes;Africa;10.0258;9.53362;Afro-Asiatic;afro1255;alive;ok;NA;22000;22000
poli1260;Polish;none;yes;Eurasia;51.84;18.63;Indo-European;indo1319;alive;ok;AGR;39990670;39700000
poli1260;Polish;none;yes;Eurasia;52.237892;20.994015;Indo-European;indo1319;alive;ok;AGR;39990670;39700000
poli1260;Polish;none;yes;Eurasia;51.8439;18.6255;Indo-European;indo1319;alive;ok;AGR;39990670;39700000
port1283;Portuguese;none;yes;Eurasia;39.91;-8.1;Indo-European;indo1319;alive;ok;AGR;10000000;10300000
port1283;Portuguese;none;yes;Eurasia;38.708043;-9.135132;Indo-European;indo1319;alive;ok;AGR;10000000;10300000
prus1238;Old Prussian;none;yes;Eurasia;54.436292;19.900799;Indo-European;indo1319;old;ok;AGR;0;0
prus1238;Old Prussian;none;yes;Eurasia;52.394;14.757;Indo-European;indo1319;old;ok;AGR;0;0
psik1239;Higi Kamale;green;no;Africa;10.677;13.569;Afro-Asiatic;afro1255;alive;ok;AGR;52500;52500
puel1244;G??n??na K??ne;none;yes;South America;-42.223;-68.666;Puelche;puel1244;just_extinct;ok;AGR;0;0
puin1248;Puinave;green;no;South America;3.92974;-67.6886;Puinave;puin1248;alive;ok;AGR;2880;3000
pume1238;Yaruro;none;yes;South America;7.10677;-67.5996;Pume;pume1238;alive;ok;HG;5840;7900
pura1258;Blagar  Pura;none;yes;Papunesia;-8.2829;124.3307;Timor-Alor-Pantar;timo1261;alive;ok;NA;NA;NA
puta1243;West Margi;none;yes;Africa;10.83854;12.99521;Afro-Asiatic;afro1255;alive;ok;NA;50;50
qaua1234;Qau Kelao;none;yes;Eurasia;26.155438;106.16455;Tai-Kadai;taik1256;alive;ok;AGR;2000;2000
qawa1238;Qawasqar;green;no;South America;-49.303195;-74.707536;Kawesqar;kawe1237;alive;ok;HG;12;7
qawa1238;Qawasqar;green;no;South America;-49.303195;-74.707536;Kawesqar;kawe1237;alive;ok;HG;12;7
qili1234;Qiliqiao;none;yes;Eurasia;25.6553283;100.1709288;Sino-Tibetan;sino1245;alive;ok;NA;NA;NA
rapa1244;Rapa Nui;none;yes;Papunesia;-27.113;-109.342;Austronesian;aust1307;alive;ok;AGR;3390;5000
rett1240;Reta  Hula;none;yes;Papunesia;-8.2125;124.4081;Timor-Alor-Pantar;timo1261;alive;ok;NA;800;800
rett1240;Reta  Pura;none;yes;Papunesia;-8.3224;124.3543;Timor-Alor-Pantar;timo1261;alive;ok;NA;800;800
rett1240;Reta  Ternate;none;yes;Papunesia;-8.2089;124.3677;Timor-Alor-Pantar;timo1261;alive;ok;NA;800;800
riri1237;Ririo;none;yes;Papunesia;-6.88927;156.92;Austronesian;aust1307;alive;ok;NA;79;18
rois1241;Ro'is Amarasi;none;yes;Papunesia;-10.291326;123.856114;Austronesian;aust1307;alive;ok;NA;NA;NA
roma1327;Romanian;none;yes;Eurasia;46.39;24.23;Indo-European;indo1319;alive;ok;AGR;23351080;23800000
roma1327;Romanian;none;yes;Eurasia;46;25;Indo-European;indo1319;alive;ok;AGR;23351080;23800000
roma1327;Romanian;none;yes;Eurasia;44.427511;26.086373;Indo-European;indo1319;alive;ok;AGR;23351080;23800000
roma1327;Romanian;none;yes;Eurasia;46.3913;24.2256;Indo-European;indo1319;alive;ok;AGR;23351080;23800000
rong1269;Rongga;none;yes;Papunesia;-8.85;120.71;Austronesian;aust1307;alive;ok;AGR;2120;4000
rotu1241;Rotuman;green;no;Papunesia;-12.503921;177.0836;Austronesian;aust1307;alive;ok;AGR;9000;9000
rotu1241;Rotuman;green;no;Papunesia;-12.5008;177.066;Austronesian;aust1307;alive;ok;AGR;9000;9000
rovi1238;Roviana;none;yes;Papunesia;-8.20493;157.408;Austronesian;aust1307;alive;ok;AGR;9870;9900
ruma1248;Rumai;none;yes;Eurasia;23.6404;97.3172;Austroasiatic;aust1305   ;alive;ok;AGR;139000;139000
rumb1240;Moronene  Rumbia;green;no;Papunesia;-4.747008;122.011626;Austronesian;aust1307;alive;ok;NA;NA;NA
russ1263;Russian;none;yes;Eurasia;57.6;39.8;Indo-European;indo1319;alive;ok;AGR;143553950;150000000
russ1263;Russian;none;yes;Eurasia;55.677584;37.64843;Indo-European;indo1319;alive;ok;AGR;143553950;150000000
russ1263;Russian;none;yes;Eurasia;59;50;Indo-European;indo1319;alive;ok;AGR;143553950;150000000
rutu1240;Rutul;none;yes;Eurasia;41.62;47.32;Nakh-Daghestanian;nakh1245;alive;ok;AGR;29510;36400
rutu1240;Rutul;none;yes;Eurasia;41.6187;47.3244;Nakh-Daghestanian;nakh1245;alive;ok;AGR;29510;36400
saaa1240;Sa'a (1);none;yes;Papunesia;-9.60258;161.467;Austronesian;aust1307;alive;ok;NA;11500;12000
same1240;Samei;none;yes;Eurasia;24.7859;99.9217;Sino-Tibetan;sino1245;alive;ok;NA;20000;20000
samp1253;Cia-Cia  Mambulu;none;yes;Papunesia;-5.627895;122.705244;Austronesian;aust1307;alive;ok;NA;NA;NA
sana1298;Sanapan?í (Enlhet dialect);none;yes;South America;-22.49;-58.38;Lengua-Mascoy;leng1261;alive;ok;HG;980;980
sans1269;Sanskrit;none;yes;Eurasia;23.511415;76.28612;Indo-European;indo1319;alive;ok;AGR;2950;2950
sans1269;Sanskrit;none;yes;Eurasia;20;77;Indo-European;indo1319;alive;ok;AGR;2950;2950
sara1340;Saramaccan;none;yes;South America;4.5;-55.5;Indo-European;indo1319;alive;ok;AGR;26000;90000
sarr1247;Sar;none;yes;Papunesia;-8.339566;124.199359;Timor-Alor-Pantar;timo1261;alive;ok;NA;NA;NA
savo1255;Savosavo;green;no;Papunesia;-9.12853;159.814;Savosavo;savo1255;alive;ok;AGR;2420;2400
sawa1247;Sawai;green;no;Papunesia;0.480578;127.940678;Austronesian;aust1307;alive;ok;NA;12000;12000
sawa1247;Sawai;green;no;Papunesia;0.51;128.09;Austronesian;aust1307;alive;ok;NA;12000;12000
sawi1256;Sawila;green;no;Papunesia;-8.29105;125.078;Timor-Alor-Pantar;timo1261;alive;ok;AGR;3000;3000
sawi1256;Sawila;green;no;Papunesia;-8.3433;125.0922;Timor-Alor-Pantar;timo1261;alive;ok;AGR;3000;3000
saya1246;Seya;none;yes;Africa;9.69441;9.71748;Afro-Asiatic;afro1255;alive;ok;AGR;1640;300000
seka1247;Sekar;none;yes;Papunesia;-2.66;132.47;Austronesian;aust1307;alive;ok;NA;450;450
selk1253;Northern Selkup;none;yes;Eurasia;59.94;82.3;Uralic;ural1272;alive;check;HG;1023;1023
selk1253;Selkup;none;yes;Eurasia;59.9409;82.3004;Uralic;ural1272;alive;check;HG;1023;1023
seri1257;Seri;green;no;North America;28.9877;-112.384;Seri;seri1257;alive;ok;HG;720;720
sese1246;Seychelles Creole;none;yes;Africa;-4.75;55.5;Indo-European;indo1319;alive;ok;AGR;72700;73000
shan1274;rGyalrong (Jinchuan Erkai);none;yes;Eurasia;31.464691;101.341027;Sino-Tibetan;sino1245;alive;ok;AGR;4100;4100
shan1277;Shan;none;yes;Eurasia;21.5995;98.0342;Tai-Kadai;taik1256;alive;ok;AGR;3295000;3300000
shee1238;She;none;yes;Eurasia;26.264261;110.096988;Hmong-Mien;hmon1336;alive;ok;AGR;910;910
sher1255;Tibetan (Sherpa);none;yes;Eurasia;27.674;86.9994;Sino-Tibetan;sino1245;alive;ok;AGR;86200;170000
ship1254;Shipibo-Conibo;none;yes;South America;-7.17105;-74.8219;Pano-Tacanan;pano1259;alive;ok;HG;26000;26000
sich1238;Nosu;none;yes;Eurasia;28.1947;102.121;Sino-Tibetan;sino1245;alive;ok;AGR;2000000;2000000
sika1261;Sikaiana;green;no;Papunesia;-8.378194;162.72952;Austronesian;aust1307;alive;ok;AGR;730;730
sika1262;Sika  Hewa;green;no;Papunesia;-8.595056;122.707028;Austronesian;aust1307;alive;ok;AGR;175000;175000
simb1256;Simbo;none;yes;Papunesia;-8.26947;156.541;Austronesian;aust1307;alive;ok;NA;2700;2700
siom1237;Muna  Siompu;none;yes;Papunesia;-5.65589;122.529426;Austronesian;aust1307;alive;ok;NA;NA;NA
siri1273;Sirion??;green;no;South America;-15.5298;-63.9688;Tupian;tupi1275;alive;ok;HG;400;500
siri1273;Sirion??;green;no;South America;-15.5298;-63.9688;Tupian;tupi1275;alive;ok;HG;400;500
situ1238;rGyalrong (Ganzi Danba Badi Munashan);none;yes;Eurasia;31.060903;101.855001;Sino-Tibetan;sino1245;alive;ok;AGR;37500;37500
skol1241;Skolt Sami;none;yes;Eurasia;68.83;29.72;Uralic;ural1272;alive;check;AGR;420;420
slov1268;Slovene;none;yes;Eurasia;46.25;14.78;Indo-European;indo1319;alive;ok;AGR;1909050;2400000
slov1268;Slovene;none;yes;Eurasia;46.050593;14.50823;Indo-European;indo1319;alive;ok;AGR;1909050;2400000
slov1269;Slovak;none;yes;Eurasia;48.55;18.78;Indo-European;indo1319;alive;ok;AGR;5019950;6000000
somr1240;Samre;none;yes;Eurasia;12.243;103.139;Austroasiatic;aust1305   ;alive;ok;AGR;4000;4100
sout1528;Serbo-Croatian;none;yes;Eurasia;44.15;18.81;Indo-European;indo1319;alive;ok;AGR;24000000;24000000
sout2674;Southern Sami;none;yes;Eurasia;64.25;12.6;Uralic;ural1272;alive;check;AGR;600;600
sout2723;Yi (Mojiang);none;yes;Eurasia;24.41;103.43;Sino-Tibetan;sino1245;alive;ok;AGR;210000;210000
sout2728;Southern Qiang;green;no;Eurasia;31.32;103.23;Sino-Tibetan;sino1245;alive;ok;AGR;81300;81000
sout2741;Southern Kam;none;yes;Eurasia;25.8874;109.222;Tai-Kadai;taik1256;alive;ok;AGR;1000000;1000000
sout2746;Southern Tai (Songkhla variety);none;yes;Eurasia;6.85668;99.7031;Tai-Kadai;taik1256;alive;ok;AGR;4500000;4500000
sout2750;Southern Yukaghir;none;yes;Eurasia;65.75;150.83;Yukaghir;yuka1259;alive;ok;HG;30;50
sout2754;Qiandong  South;green;no;Eurasia;25.520166;108.779365;Hmong-Mien;hmon1336;alive;ok;AGR;500000;500000
sout2896;Painara  Lerek;none;yes;Papunesia;-8.522488;123.546281;Austronesian;aust1307;alive;ok;NA;7000;7000
sout2898;Tetun  Suai;none;yes;Papunesia;-9.314842;125.255396;Austronesian;aust1307;alive;ok;NA;NA;NA
sout3210;Mangdi;none;yes;Eurasia;23.5;99.33;Sino-Tibetan;sino1245;alive;ok;NA;3000;3000
stan1288;Spanish;none;yes;Eurasia;42.25;-3.7;Indo-European;indo1319;alive;check;AGR;46900000;46900000
stan1288;Spanish;none;yes;Eurasia;40.416881;-3.703482;Indo-European;indo1319;alive;check;AGR;46900000;46900000
stan1288;Spanish;none;yes;Eurasia;40.4414;-1.11788;Indo-European;indo1319;alive;check;AGR;46900000;46900000
stan1289;Catalan;none;yes;Eurasia;41.45;1.57;Indo-European;indo1319;alive;ok;AGR;11530160;5100000
stan1289;Catalan;none;yes;Eurasia;41.379225;2.179642;Indo-European;indo1319;alive;ok;AGR;11530160;5100000
stan1289;Catalan;none;yes;Eurasia;41.453;1.569;Indo-European;indo1319;alive;ok;AGR;11530160;5100000
stan1290;French;bruise;yes;Eurasia;48;2;Indo-European;indo1319;alive;ok;AGR;67838450;68014000
stan1290;French;bruise;yes;Eurasia;48.854451;2.347857;Indo-European;indo1319;alive;ok;AGR;67838450;68014000
stan1293;English;none;yes;Eurasia;53;-1.01;Indo-European;indo1319;alive;ok;AGR;58100000;67886004
stan1293;English;none;yes;Eurasia;52;-1.01;Indo-European;indo1319;alive;ok;AGR;58100000;67886004
stan1293;English;none;yes;Eurasia;51.497728;-1.100059;Indo-European;indo1319;alive;ok;AGR;58100000;67886004
stan1295;German;none;yes;Eurasia;52.27;10.5;Indo-European;indo1319;alive;ok;AGR;90294110;76540740
stan1295;German;none;yes;Eurasia;52.520822;13.409092;Indo-European;indo1319;alive;ok;AGR;90294110;76540740
stan1295;German;none;yes;Eurasia;48.649;12.4676;Indo-European;indo1319;alive;ok;AGR;90294110;76540740
stan1318;Standard Arabic;none;yes;Eurasia;27.96;43.85;Afro-Asiatic;afro1255;written_only;check;AGR;0;0
stan1318;Standard Arabic;none;yes;Eurasia;27;43;Afro-Asiatic;afro1255;written_only;check;AGR;0;0
suii1243;Sui;green  unripe;no;Eurasia;24.0488;106.563;Tai-Kadai;taik1256;alive;ok;AGR;200120;300000
sunw1242;Sunwar;none;yes;Eurasia;27.5201;86.2476;Sino-Tibetan;sino1245;alive;ok;AGR;40000;37898
suoy1242;Kasong;none;yes;Eurasia;11.936;104.136;Austroasiatic;aust1305   ;alive;ok;AGR;930;860
swah1253;Swahili;none;yes;Africa;-6.5;39;Atlantic-Congo;atla1278  ;alive;ok;AGR;787630;16010110
swed1254;Swedish;none;yes;Eurasia;59.8;17.39;Indo-European;indo1319;alive;ok;AGR;8311739;10000000
swed1254;Swedish;none;yes;Eurasia;59.73823;17.438718;Indo-European;indo1319;alive;ok;AGR;8311739;10000000
swed1254;Swedish;none;yes;Eurasia;59.800634;17.389526;Indo-European;indo1319;alive;ok;AGR;8311739;10000000
taba1259;Tabasaran (Northern dialect Khanag subdialect);none;yes;Eurasia;42.0198;47.8379;Nakh-Daghestanian;nakh1245;alive;ok;AGR;128900;126900
taca1256;Tacana;green;no;South America;-13.39249;-68.04056;Pano-Tacanan;pano1259;alive;ok;HG;1820;1800
tain1252;Dehong;none;yes;Eurasia;21.7837;99.722;Tai-Kadai;taik1256;alive;ok;AGR;647400;650000
taki1248;Takia;none;yes;Papunesia;-4.66667;146;Austronesian;aust1307;alive;ok;AGR;45000;40000
tali1259;Talise;none;yes;Papunesia;-9.76764;160.231;Austronesian;aust1307;alive;ok;AGR;12500;13000
tami1289;Tamil;none;yes;Eurasia;10.52;78.83;Dravidian;drav1251;alive;ok;HG;65675200;75000000
tami1289;Tamil;none;yes;Eurasia;10.520219;78.825989;Dravidian;drav1251;alive;ok;HG;65675200;75000000
tana1283;Sika  Tana Ai;none;yes;Papunesia;-8.599602;122.619438;Austronesian;aust1307;alive;ok;NA;NA;NA
tang1353;Tangko;none;yes;Papunesia;-5.13343;140.269;Nuclear Trans New Guinea;nucl1709;alive;ok;NA;100;100
tari1263;Tarifiyt Berber;green  raw;no;Africa;34.5;-4;Afro-Asiatic;afro1255;alive;ok;AGR;1700000;1700000
tata1255;Tatar;sky;yes;Eurasia;55;50;Turkic;turk1311;alive;ok;AGR;6496600;5200000
tean1237;Buma;none;yes;Papunesia;-11.6752;166.868;Austronesian;aust1307;alive;ok;AGR;520;800
tehu1242;Tehuelche;none;yes;South America;-47.5796;-68.3235;Chonan;chon1288;alive;ok;HG;4;4
teiw1235;Teiwa  Adiabang;green;no;Papunesia;-8.326;124.228;Timor-Alor-Pantar;timo1261;alive;ok;AGR;5000;4000
telu1262;Telugu;none;yes;Eurasia;16.45;78.7;Dravidian;drav1251;alive;ok;HG;69758890;82000000
telu1262;Telugu;none;yes;Eurasia;16.4529;78.7024;Dravidian;drav1251;alive;ok;HG;69758890;82000000
term1237;Termanu;green;no;Papunesia;-10.692572;123.139261;Austronesian;aust1307;alive;ok;AGR;50000;30000
thai1261;Central Thai;none;yes;Eurasia;14.192;100.671;Tai-Kadai;taik1256;alive;ok;AGR;20362390;40000000
thai1261;Central Thai;none;yes;Eurasia;14.192;100.671;Tai-Kadai;taik1256;alive;ok;AGR;20362390;40000000
thai1261;Thai;sky;yes;Eurasia;16;101;Tai-Kadai;taik1256;alive;ok;AGR;20362390;40000000
thai1261;Thai;sky;yes;Eurasia;16;101;Tai-Kadai;taik1256;alive;ok;AGR;20362390;40000000
thak1245;Thakali;green;no;Eurasia;28.7014;83.6466;Sino-Tibetan;sino1245;alive;ok;AGR;6440;5900
tiay1238;Tiyei;black;mixed_with;Papunesia;-8.295197;124.756008;Timor-Alor-Pantar;timo1261;alive;ok;NA;NA;NA
tibe1272;Tibetan;green;no;Eurasia;28.22;90.11;Sino-Tibetan;sino1245;alive;ok;AGR;1200000;1200000
tibe1272;Tibetan;green;no;Eurasia;28.3681;90.1872;Sino-Tibetan;sino1245;alive;ok;AGR;1200000;1200000
tiko1237;Tikopia;green;no;Papunesia;-12.2766;168.822;Austronesian;aust1307;alive;ok;AGR;3320;3324
tind1238;Tindi;none;yes;Eurasia;42.3316;45.9227;Nakh-Daghestanian;nakh1245;alive;ok;AGR;5000;6693
tlin1245;Tlingit;none;yes;North America;59.4447;-135.29;Athabaskan-Eyak-Tlingit;atha1245;alive;ok;HG;1430;500
tlin1245;Tlingit;none;yes;North America;59.4447;-135.29;Athabaskan-Eyak-Tlingit;atha1245;alive;ok;HG;1430;500
tlin1245;Tlingit;none;yes;North America;59.4447;-135.29;Athabaskan-Eyak-Tlingit;atha1245;alive;ok;HG;1430;500
tlin1245;Tlingit;none;yes;North America;59.4447;-135.29;Athabaskan-Eyak-Tlingit;atha1245;alive;ok;HG;1430;500
tlin1245;Tlingit;none;yes;North America;59.4447;-135.29;Athabaskan-Eyak-Tlingit;atha1245;alive;ok;HG;1430;500
toab1237;To'ambaita;none;yes;Papunesia;-8.39233;160.619;Austronesian;aust1307;alive;ok;AGR;12600;13000
toba1269;Toba;none;yes;South America;-23.77;-61.96;Guaicuruan;guai1249;alive;ok;HG;21410;31580
toba1269;Toba;none;yes;South America;-23.77;-61.96;Guaicuruan;guai1249;alive;ok;HG;21410;31580
tokh1242;Tocharian A;none;yes;Eurasia;41.760336;86.154785;Indo-European;indo1319;old;ok;AGR;0;0
tokh1242;Tocharian A;none;yes;Eurasia;42.98;89.18;Indo-European;indo1319;old;ok;AGR;0;0
tokh1243;Tocharian B;none;yes;Eurasia;41.645502;81.514435;Indo-European;indo1319;old;ok;AGR;0;0
tokh1243;Tocharian B;none;yes;Eurasia;41.65;82.9;Indo-European;indo1319;old;ok;AGR;0;0
toki1238;Karata (Tokitin dialect);none;yes;Eurasia;42.5727;46.3724;Nakh-Daghestanian;nakh1245;alive;ok;NA;NA;NA
tong1325;Tongan;none;yes;Papunesia;-21.226113;-175.139869;Austronesian;aust1307;alive;ok;AGR;126390;187000
tong1325;Tongan;none;yes;Papunesia;-21.17;-175.25;Austronesian;aust1307;alive;ok;AGR;126390;187000
tosk1239;Albanian (Tosk variety);none;yes;Eurasia;41;20;Indo-European;indo1319;alive;ok;AGR;3035000;3000000
touo1238;Lokuru and Mbaniata;none;yes;Papunesia;-8.58405;157.296;Touo;touo1238;alive;ok;NA;1870;2800
trin1274;Trinitario;none;yes;South America;-15.3331;-65.4096;Arawakan;araw1281;alive;ok;AGR;5500;5500
trum1247;Trumai;none;yes;South America;-11.8119;-53.5717;Trumai;trum1247;alive;ok;AGR;100;51
tsak1249;Tsakhur;none;yes;Eurasia;41.59;46.89;Nakh-Daghestanian;nakh1245;alive;ok;AGR;22843;23000
tsak1249;Tsakhur;none;yes;Eurasia;41.5916;46.8858;Nakh-Daghestanian;nakh1245;alive;ok;AGR;22843;23000
tsho1240;rGyalrong (Maerkang Caodeng (B));none;yes;Eurasia;32.209102;101.832718;Sino-Tibetan;sino1245;alive;ok;NA;NA;NA
tuyu1244;Tuyuca;green;no;South America;0.39441;-70.043515;Tucanoan;tuca1253;alive;ok;AGR;810;570
tzot1259;Zinacant?ín Tzotzil;green;no;North America;16.8333;-92.8333;Mayan;maya1287;alive;ok;AGR;4230;550000
udii1243;Udi;none;yes;Eurasia;41.014877;47.651941;Nakh-Daghestanian;nakh1245;alive;ok;AGR;8440;8000
udii1243;Udi;none;yes;Eurasia;40.9;47.7236;Nakh-Daghestanian;nakh1245;alive;ok;AGR;8440;8000
udmu1245;Udmurt;none;yes;Eurasia;56.13;52.64;Uralic;ural1272;alive;ok;AGR;479800;340530
udmu1245;Udmurt;none;yes;Eurasia;56.12921;52.63548;Uralic;ural1272;alive;ok;AGR;479800;340530
ughe1237;Ughele;none;yes;Papunesia;-8.45725;157.341;Austronesian;aust1307;alive;ok;NA;1200;1200
ukra1253;Ukrainian;none;yes;Eurasia;50.25;28.65;Indo-European;indo1319;alive;ok;AGR;37029730;27300000
ukra1253;Ukrainian;none;yes;Eurasia;50.449474;30.525414;Indo-European;indo1319;alive;ok;AGR;37029730;27300000
uppe1439;Upper Chehalis;none;yes;North America;46.7981;-123.169;Salishan;sali1255;just_extinct;ok;HG;0;0
urua1244;Uruangnirin;none;yes;Papunesia;-3.42448;132.744455;Austronesian;aust1307;alive;ok;NA;400;400
urua1244;Uruangnirin;none;yes;Papunesia;-3.45498;132.745;Austronesian;aust1307;alive;ok;NA;400;400
vagh1249;Vaghua;none;yes;Papunesia;-6.68712;156.542;Austronesian;aust1307;alive;ok;NA;1960;2000
vang1243;Vangunu;none;yes;Papunesia;-8.66826;157.997;Austronesian;aust1307;alive;ok;AGR;910;910
vari1239;Varisi;none;yes;Papunesia;-6.83443;156.655;Austronesian;aust1307;alive;ok;NA;5160;5200
veps1250;Veps;none;yes;Eurasia;60.34;34.79;Uralic;ural1272;alive;ok;AGR;5750;3600
viet1252;Vietnamese;none;yes;Eurasia;10.5;106.5;Austroasiatic;aust1305   ;alive;ok;AGR;68634000;76000000
viet1252;Vietnamese;none;yes;Eurasia;20.681188;105.774071;Austroasiatic;aust1305   ;alive;ok;AGR;68634000;76000000
vlax1238;Romani;none;yes;Eurasia;46.09;18.16;Indo-European;indo1319;alive;ok;AGR;242000;538480
waiw1244;Wai Wai;none;yes;South America;1.50881;-59.1417;Cariban;cari1283;alive;ok;AGR;3110;2200
wala1266;Langalanga;none;yes;Papunesia;-8.81936;160.741;Austronesian;aust1307;alive;ok;NA;6980;7000
wali1265;Cia-Cia  Wali;none;yes;Papunesia;-5.97238;124.06653;Austronesian;aust1307;alive;ok;NA;NA;NA
wamb1259;Wambon;none;yes;Papunesia;-5.44334;140.48;Nuclear Trans New Guinea;nucl1709;alive;ok;AGR;3000;3000
wand1278;Mandara;none;yes;Africa;11.3169;13.8996;Afro-Asiatic;afro1255;alive;ok;AGR;43500;44000
wang1299;Wanggom;none;yes;Papunesia;-5.60094;140.194;Nuclear Trans New Guinea;nucl1709;alive;ok;HG;1180;1180
waor1240;Waorani;green  yellow;no;South America;-1.12312;-76.683;Waorani;waor1240;alive;ok;HG;1650;1650
wapi1253;Wapishana;green  unripe;no;South America;2.58744;-59.8021;Arawakan;araw1281;alive;ok;AGR;12500;13000
waur1244;Waur?í;black;mixed_with;South America;-13.296;-53.6971;Arawakan;araw1281;alive;ok;AGR;330;320
waya1270;Wayampi;none;yes;South America;1.73817;-52.6887;Tupian;tupi1275;alive;ok;AGR;1180;1200
wayu1243;Goajiro;green  unripe;no;South America;11.395566;-72.199791;Arawakan;araw1281;alive;ok;AGR;305000;420000
wels1247;Welsh;green;no;Eurasia;52;-4;Indo-European;indo1319;alive;ok;AGR;537870;1004000
wels1247;Welsh;green;no;Eurasia;52.926407;-4.38518;Indo-European;indo1319;alive;ok;AGR;537870;1004000
wers1238;Wersing;none;yes;Papunesia;-8.33936;124.932;Timor-Alor-Pantar;timo1261;alive;ok;AGR;3700;3700
wers1238;Wersing  Maritaing;none;yes;Papunesia;-8.2968139;125.1093111;Timor-Alor-Pantar;timo1261;alive;ok;AGR;3700;3700
wers1238;Wersing  Taramana;none;yes;Papunesia;-8.167276;124.850714;Timor-Alor-Pantar;timo1261;alive;ok;AGR;3700;3700
west2369;Persian;none;yes;Eurasia;32.735314;55.748043;Indo-European;indo1319;alive;ok;AGR;23879300;55600000
west2369;Persian;none;yes;Eurasia;32.9;53.3;Indo-European;indo1319;alive;ok;AGR;23879300;55600000
west2369;Western Farsi;none;yes;Eurasia;28.66;55.16;Indo-European;indo1319;alive;ok;AGR;23879300;55600000
west2376;Selice Romani;none;yes;Eurasia;48.091;17.9609;Indo-European;indo1319;alive;ok;NA;NA;NA
west2386;Punjabi;none;yes;Eurasia;30.0948;75.3474;Indo-European;indo1319;alive;ok;AGR;62648000;92700000
west2392;Hill Mari;none;yes;Eurasia;56.33;46.33;Uralic;ural1272;alive;ok;AGR;30000;30000
west2415;Tamang (Sahu);none;yes;Eurasia;28.0239;85.0563;Sino-Tibetan;sino1245;alive;ok;AGR;323000;323000
west2430;Xiangxi  West;none;yes;Eurasia;28.33212;109.422366;Hmong-Mien;hmon1336;alive;ok;AGR;820000;820000
west2547;Welaun;green;no;Papunesia;-9.087594;124.985028;Austronesian;aust1307;alive;ok;NA;NA;NA
west2547;Welaun  Mahein;none;yes;Papunesia;-9.0539;125.0606;Austronesian;aust1307;alive;ok;NA;NA;NA
weta1243;Wetan;green;no;Papunesia;-7.89949;129.538524;Austronesian;aust1307;alive;ok;NA;NA;NA
wich1264;Wich?¡;green;no;South America;-22.5;-62.5833;Matacoan;mata1289;alive;ok;HG;15000;15000
wich1264;Wich?¡;green;no;South America;-23.1633;-62.1757;Matacoan;mata1289;alive;ok;HG;15000;15000
woli1241;Wolio;none;yes;Papunesia;-5.33;122.67;Austronesian;aust1307;alive;ok;AGR;65000;65000
woli1241;Wolio  Baubau;none;yes;Papunesia;-5.462439;122.59634;Austronesian;aust1307;alive;ok;AGR;65000;65000
xian1250;Xiangyun;none;yes;Eurasia;25.5313657;100.4478932;Sino-Tibetan;sino1245;alive;ok;NA;NA;NA
xish1235;Qingyun;green;no;Eurasia;24.8709;100.711;Sino-Tibetan;sino1245;alive;ok;AGR;300000;300000
xish1235;Yi (Nanjian);none;yes;Eurasia;25.19;101.27;Sino-Tibetan;sino1245;alive;ok;AGR;300000;300000
xuzh1234;Xuzhang;none;yes;Eurasia;25.344026;99.112244;Sino-Tibetan;sino1245;alive;ok;NA;2000;2000
yagu1244;Yagua;green;no;South America;-3.42913;-72.2186;Peba-Yagua;peba1241;alive;ok;AGR;5690;5700
yagu1244;Yagua;green;no;South America;-3.42913;-72.2186;Peba-Yagua;peba1241;alive;ok;AGR;5690;5700
yaku1245;Sakha;green;no;Eurasia;62;130;Turkic;turk1311;alive;ok;AGR;363000;450000
yama1264;Yag?ín;green;no;South America;-55.2748;-68.2648;Yamana;yama1264;just_extinct;ok;HG;1;0
yami1256;Yaminahua;green;no;South America;-9.8846;-71.5964;Pano-Tacanan;pano1259;alive;ok;AGR;1390;2729
yang1304;Yangliu;none;yes;Eurasia;25.22482;99.046326;Sino-Tibetan;sino1245;alive;ok;NA;7000;7000
yano1262;Yanom?ími;none;yes;South America;2.48999;-62.8522;Yanomamic;yano1268;alive;ok;HG;9000;6000
yaqa1246;Yaqay (Wairu Dialect);none;yes;Papunesia;-6.66632;139.249;Anim;anim1240;alive;ok;HG;10000;10000
yaqu1251;Yaqui;none;yes;North America;27.5;-110.25;Uto-Aztecan;utoa1244;alive;ok;AGR;14620;20640
yavi1244;Yavitero;green;no;South America;2.924844;-67.438886;Arawakan;araw1281;just_extinct;ok;AGR;0;0
yish1238;Yi (Xide);none;yes;Eurasia;25.04;100.51;Sino-Tibetan;sino1245;alive;ok;NA;NA;NA
youn1235;Younuo;none;yes;Eurasia;25.730893;110.115975;Hmong-Mien;hmon1336;alive;ok;HG;9720;9700
yunl1238;Yunlong;none;yes;Eurasia;25.9223745;99.0352884;Sino-Tibetan;sino1245;alive;ok;NA;NA;NA
yuwa1244;Yuwana;green;no;South America;5.63879;-65.4267;Hoti;yuwa1244;alive;ok;AGR;300;640
zaba1237;Kia;none;yes;Papunesia;-7.74311;158.753;Austronesian;aust1307;alive;ok;AGR;3360;3400
zaca1242;Chatino (Zacatepec variety);none;yes;North America;16.08;-97.3069;Otomanguean;otom1299;alive;ok;AGR;1000;300
zaiw1241;Atsi [Zaiwa];green;no;Eurasia;24.17;98.36;Sino-Tibetan;sino1245;alive;ok;AGR;110000;80000
zaiw1241;Zaiwa;none;yes;Eurasia;24.1726;98.3643;Sino-Tibetan;sino1245;alive;ok;AGR;110000;80000
zauz1238;Zaozou;none;yes;Eurasia;26.4572;98.8634;Sino-Tibetan;sino1245;alive;ok;AGR;2100;2100
zaza1245;Kilokaka;none;yes;Papunesia;-8.18719;159.255;Austronesian;aust1307;alive;ok;NA;10;10
zhou1234;Zhoucheng;none;yes;Eurasia;25.8958633;100.0987848;Sino-Tibetan;sino1245;alive;ok;NA;NA;NA
zizi1238;Fali Jilbu;none;yes;Africa;10.4689;13.5233;Afro-Asiatic;afro1255;alive;ok;NA;2800;6000
zuni1245;Zuni;none;yes;North America;35.0056;-108.782;Zuni;zuni1245;alive;ok;AGR;9650;9620
zuni1245;Zuni;none;yes;North America;35.0056;-108.782;Zuni;zuni1245;alive;ok;AGR;9650;9620
zuoj1238;Zhuang-Longzhou;green;no;Eurasia;22.4;106.9;Tai-Kadai;taik1256;alive;ok;AGR;1840000;1800000
