glottocode;subs_autotyp;subs_tom;d_place
aari1239;NA;no;NA
abar1238;NA;no;NA
abau1245;no;yes;NA
abid1235;NA;no;NA
abip1241;yes;yes;NA
abis1238;NA;yes;NA
abkh1244;no;no;NA
abua1244;NA;no;NA
abur1243;NA;no;NA
acat1239;NA;no;NA
acha1249;NA;no;NA
acha1250;NA;no;NA
ache1245;NA;no;NA
ache1246;yes;yes;NA
achi1257;NA;no;NA
achu1247;yes;yes;NA
achu1248;NA;no;NA
acol1236;NA;no;NA
adam1253;no;no;NA
adan1247;NA;no;NA
adan1251;NA;no;NA
adio1239;NA;no;NA
adny1235;yes;yes;NA
adyg1241;NA;no;NA
adze1240;NA;no;NA
afad1236;NA;no;NA
afar1241;NA;no;NA
afit1238;NA;no;NA
aghe1239;NA;no;NA
aghu1254;NA;yes;NA
agua1253;NA;no;NA
ahan1243;NA;no;NA
ahan1244;NA;no;NA
aheu1239;NA;no;NA
ahte1237;yes;yes;NA
aika1237;no;yes;NA
ainu1240;yes;yes;NA
ajab1235;NA;no;NA
ajas1235;NA;no;NA
ajyi1238;NA;no;NA
akan1250;NA;no;NA
akas1242;NA;no;NA
akaw1239;no;yes;NA
akha1245;NA;no;NA
akla1241;NA;no;NA
akoo1248;NA;no;NA
akpe1248;NA;no;NA
akun1241;NA;no;NA
akur1238;NA;yes;NA
alab1237;NA;no;NA
alab1254;NA;no;NA
alam1246;yes;yes;NA
alaw1244;yes;yes;NA
aleu1260;yes;yes;NA
alla1248;NA;no;NA
alng1239;NA;yes;NA
alut1245;yes;yes;NA
alya1239;yes;yes;NA
amah1246;NA;no;NA
aman1265;NA;no;NA
amar1271;NA;yes;NA
amar1274;no;yes;NA
amas1236;NA;no;NA
ambe1247;NA;no;NA
ambo1250;NA;no;NA
ambu1247;no;yes;NA
amel1241;NA;no;NA
amha1245;NA;no;NA
amii1238;NA;yes;NA
amoo1242;NA;no;NA
amun1246;NA;no;NA
ande1247;NA;yes;NA
andi1255;NA;no;NA
ando1255;NA;yes;NA
ando1256;no;yes;NA
anei1239;NA;no;NA
anfi1235;NA;no;NA
anga1288;NA;no;NA
anga1290;NA;no;NA
ango1258;NA;no;NA
anii1245;NA;no;NA
anin1240;yes;yes;NA
anta1253;NA;yes;NA
anti1245;NA;no;NA
anua1242;NA;no;NA
anuf1239;NA;no;NA
anyi1244;NA;no;NA
anyi1245;NA;no;NA
aona1235;NA;no;NA
apal1257;NA;no;NA
apat1240;NA;no;NA
apia1248;NA;no;NA
apin1244;no;no;NA
apro1235;NA;no;NA
apuc1241;yes;yes;NA
apur1254;NA;no;NA
arab1267;yes;yes;NA
arab1268;no;yes;NA
arag1245;NA;no;NA
aran1237;no;yes;NA
arao1248;yes;yes;NA
araw1273;NA;no;NA
araw1276;NA;no;NA
arbe1236;NA;no;NA
arbo1245;NA;no;NA
arch1244;NA;no;NA
argo1244;NA;no;NA
arhu1242;NA;no;NA
arik1265;NA;yes;NA
arin1244;NA;no;NA
arit1239;NA;yes;NA
asha1243;NA;no;NA
ashe1269;NA;no;NA
ashe1272;NA;no;NA
assa1263;NA;no;NA
astu1245;NA;no;NA
atam1239;NA;yes;NA
atay1247;NA;no;NA
atti1239;NA;no;NA
auuu1241;no;yes;NA
avac1239;NA;no;NA
avar1256;NA;no;NA
avat1244;NA;no;NA
avik1243;NA;no;NA
avok1242;NA;no;NA
awab1243;NA;yes;NA
awac1239;NA;no;NA
awad1243;NA;no;NA
awar1248;NA;no;NA
awet1244;NA;no;NA
awin1248;NA;no;NA
awiy1238;NA;no;NA
awng1244;NA;no;NA
awtu1239;no;yes;NA
awut1241;NA;no;NA
axiy1235;NA;no;NA
ayab1239;NA;yes;NA
ayac1239;NA;no;NA
ayer1245;NA;no;NA
ayor1240;no;yes;NA
baan1242;NA;no;NA
baat1238;NA;no;NA
baba1264;NA;no;NA
baba1266;NA;no;NA
bada1257;NA;no;NA
bade1248;NA;no;NA
badi1246;yes;yes;NA
bady1239;NA;no;NA
bafa1247;NA;no;NA
bafa1249;NA;no;NA
bafi1243;NA;no;NA
bafu1246;NA;no;NA
baga1272;NA;no;NA
baga1273;NA;no;NA
bagi1246;NA;no;NA
baim1244;NA;no;NA
baka1272;yes;yes;NA
baka1273;NA;no;NA
baka1274;NA;no;NA
baka1277;NA;no;NA
bakh1245;NA;no;NA
bako1249;NA;no;NA
bako1250;NA;no;NA
bala1302;NA;no;NA
bali1278;NA;no;NA
balt1258;NA;no;NA
bamb1262;NA;no;NA
bamb1265;NA;no;NA
bamb1269;NA;no;NA
bame1260;NA;no;NA
bamu1253;NA;no;NA
bamu1256;NA;no;NA
bana1305;NA;no;NA
band1339;yes;yes;NA
band1345;NA;no;NA
band1352;NA;no;NA
band1353;NA;no;NA
bang1339;NA;yes;NA
bang1356;NA;no;NA
bani1255;NA;no;NA
bank1256;NA;no;NA
baou1238;NA;no;NA
bara1380;no;no;NA
barb1263;yes;yes;NA
bard1255;yes;yes;NA
bare1276;NA;no;NA
bare1279;NA;no;NA
bari1286;NA;no;NA
bari1297;NA;no;NA
barr1247;NA;yes;NA
baru1269;NA;no;NA
basa1284;NA;no;NA
bash1264;NA;no;NA
basq1248;no;no;NA
bass1258;NA;no;NA
bass1260;NA;no;NA
bata1285;NA;no;NA
bata1289;NA;no;NA
bata1293;NA;no;NA
bats1242;NA;no;NA
baur1253;NA;no;NA
bayu1240;NA;yes;NA
beem1239;NA;no;NA
befa1241;NA;no;NA
beja1238;NA;no;NA
bekw1241;NA;no;NA
bela1255;NA;no;NA
bela1256;NA;no;NA
bela1260;NA;no;NA
belh1239;no;no;NA
beli1260;NA;no;NA
bell1243;yes;yes;NA
bemb1257;NA;no;NA
bena1262;NA;no;NA
benc1235;NA;no;NA
beng1280;NA;no;NA
beng1286;NA;no;NA
berb1259;NA;no;NA
bero1242;NA;no;NA
bert1248;NA;no;NA
besi1244;NA;no;NA
bett1235;NA;no;NA
bhel1238;NA;no;NA
bhil1251;NA;no;NA
bhoj1244;NA;no;NA
biak1248;yes;yes;NA
bial1238;NA;no;NA
bidy1243;NA;yes;NA
bidy1244;NA;no;NA
biga1237;NA;yes;NA
bila1255;NA;no;NA
bili1260;NA;no;NA
bilo1248;yes;yes;NA
bilu1245;NA;no;NA
bimo1239;NA;no;NA
bina1277;NA;no;NA
bini1246;NA;no;NA
binu1245;NA;no;NA
biri1256;yes;yes;NA
biss1248;NA;no;NA
blan1242;NA;yes;NA
bodo1267;NA;no;NA
bodo1269;NA;no;NA
boik1241;no;yes;NA
boko1266;NA;no;NA
bomi1238;NA;no;NA
bona1250;NA;no;NA
bond1245;no;no;NA
bong1285;NA;no;NA
bora1263;no;yes;NA
bora1271;NA;no;NA
bord1248;NA;no;NA
boro1277;NA;no;NA
boro1282;yes;yes;NA
boun1243;NA;no;NA
bouy1240;NA;no;NA
brah1256;no;no;NA
bret1244;NA;no;NA
brib1243;NA;no;NA
brok1247;NA;no;NA
brun1242;NA;no;NA
buam1238;NA;no;NA
budu1250;NA;no;NA
bugi1244;NA;no;NA
bujh1238;NA;no;NA
bukh1238;NA;no;NA
buku1249;NA;no;NA
bulg1262;NA;no;NA
buli1254;NA;no;NA
bull1247;NA;no;NA
bulu1251;NA;no;NA
bumb1241;NA;no;NA
bumm1238;NA;no;NA
buna1275;yes;yes;NA
bund1253;NA;no;NA
bung1264;NA;yes;NA
buol1237;NA;no;NA
bura1267;yes;yes;NA
burd1238;NA;yes;NA
burj1242;NA;no;NA
buru1296;no;no;NA
buru1301;NA;no;NA
busa1253;yes;no;NA
buwa1243;NA;no;NA
cabi1241;NA;no;NA
cacu1241;yes;yes;NA
cadd1256;NA;no;NA
caja1238;no;no;NA
came1252;NA;no;NA
camp1261;NA;no;NA
cams1241;NA;no;NA
cand1248;no;yes;NA
cane1242;no;no;NA
capa1241;NA;no;NA
caqu1242;NA;no;NA
cara1272;NA;no;NA
cari1279;NA;no;NA
carn1240;NA;no;NA
cash1251;NA;no;NA
cash1254;NA;no;NA
cavi1250;yes;yes;NA
cayu1262;NA;no;NA
ceba1235;NA;no;NA
cebu1242;NA;no;NA
cent1972;NA;no;NA
cent1973;NA;no;NA
cent1989;NA;no;NA
cent1990;NA;no;NA
cent2004;NA;no;NA
cent2018;NA;no;NA
cent2050;NA;no;NA
cent2087;NA;no;NA
cent2092;NA;no;NA
cent2128;yes;yes;NA
cent2142;no;no;NA
cent2144;NA;no;NA
cent2150;NA;no;NA
cent2194;no;no;NA
cerm1238;NA;no;NA
chac1249;NA;no;NA
chac1250;NA;no;NA
chac1251;NA;no;NA
cham1312;NA;no;NA
cham1315;NA;yes;NA
cham1318;NA;no;NA
chan1310;NA;no;NA
chau1259;NA;no;NA
chay1248;no;yes;NA
chec1245;NA;no;NA
chee1238;NA;no;NA
chen1255;NA;yes;NA
chep1245;no;no;NA
cher1271;NA;no;NA
cher1273;NA;no;NA
chib1270;NA;no;NA
chic1270;NA;no;NA
chim1300;NA;no;NA
chim1301;yes;yes;NA
chim1302;NA;no;NA
chim1309;NA;no;NA
chip1261;yes;yes;NA
chip1262;NA;no;NA
chiq1248;NA;no;NA
chiq1250;NA;no;NA
chir1286;NA;no;NA
choc1276;NA;no;NA
chok1243;NA;no;NA
chol1282;NA;no;NA
chol1284;NA;no;NA
chon1284;NA;no;NA
chon1287;NA;no;NA
chop1243;NA;no;NA
chra1242;NA;no;NA
chua1250;NA;no;NA
chuk1273;yes;yes;NA
chum1261;NA;no;NA
chuv1255;NA;no;NA
coca1259;NA;no;NA
coco1260;NA;no;NA
coeu1236;yes;yes;NA
cofa1242;no;yes;NA
cogu1240;NA;no;NA
colo1256;NA;no;NA
coma1245;yes;yes;NA
como1259;yes;yes;NA
copa1236;NA;no;NA
coro1247;NA;no;NA
croa1245;NA;no;NA
cros1244;NA;no;NA
crow1244;yes;yes;NA
cube1242;NA;no;NA
cuib1242;yes;yes;NA
culi1244;no;yes;NA
cupe1243;yes;yes;NA
curr1243;NA;no;NA
cusc1236;no;no;NA
cuvo1236;NA;no;NA
czec1258;NA;no;NA
dadi1250;NA;no;NA
dagb1246;NA;no;NA
dagi1241;NA;no;NA
daha1245;yes;yes;NA
dalo1238;NA;no;NA
dang1274;NA;no;NA
dani1285;NA;no;NA
darf1239;NA;no;NA
dark1243;NA;no;NA
darl1243;NA;yes;NA
darm1243;NA;no;NA
daur1238;NA;no;NA
dawr1236;NA;no;NA
daww1239;yes;yes;NA
daza1242;NA;no;NA
defa1248;NA;no;NA
dege1246;NA;no;NA
degg1238;NA;no;NA
deni1241;no;yes;NA
deny1238;NA;no;NA
dera1245;no;yes;NA
dera1248;NA;no;NA
desa1247;NA;no;NA
dghw1239;NA;no;NA
dhal1245;NA;yes;NA
dhan1270;NA;yes;NA
dhar1247;yes;yes;NA
dhar1248;NA;yes;NA
dhim1246;NA;no;NA
dhiv1236;NA;no;NA
dhur1239;yes;yes;NA
dhuw1249;yes;yes;NA
dibo1245;NA;no;NA
didi1258;NA;no;NA
dido1241;NA;no;NA
dier1241;yes;yes;NA
digo1243;NA;no;NA
dime1235;NA;no;NA
diml1238;NA;no;NA
dink1262;NA;no;NA
dira1238;NA;yes;NA
diri1252;NA;no;NA
dita1238;NA;no;NA
dizi1235;NA;no;NA
djam1255;yes;yes;NA
djam1256;yes;yes;NA
djan1238;NA;yes;NA
djau1244;NA;yes;NA
djaw1238;NA;yes;NA
djee1236;yes;yes;NA
djeo1235;yes;yes;NA
djin1251;yes;yes;NA
djin1252;NA;yes;NA
djin1253;yes;yes;NA
dobu1241;NA;no;NA
dolg1241;yes;yes;NA
doma1258;NA;no;NA
domp1238;NA;no;NA
dong1285;NA;no;NA
doya1240;NA;no;NA
dual1243;NA;no;NA
dupa1235;NA;yes;NA
duru1236;no;no;NA
duru1249;NA;no;NA
dutc1256;NA;no;NA
dyaa1242;NA;yes;NA
dyab1238;NA;yes;NA
dyan1250;NA;yes;NA
dyir1250;yes;yes;NA
dyug1238;NA;yes;NA
dyul1238;NA;no;NA
dzon1239;NA;no;NA
dzuu1241;NA;no;NA
east1436;NA;no;NA
east2282;NA;no;NA
east2295;NA;no;NA
east2304;NA;no;NA
east2328;NA;no;NA
east2337;NA;no;NA
east2347;NA;no;NA
east2379;yes;yes;NA
east2398;NA;no;NA
east2426;NA;no;NA
east2440;NA;no;NA
east2516;NA;no;NA
east2542;yes;yes;NA
east2555;NA;no;NA
east2563;NA;no;NA
east2652;NA;no;NA
ebir1243;NA;no;NA
efik1245;NA;no;NA
egaa1242;NA;no;NA
eggo1239;NA;no;NA
egyp1253;no;no;NA
ejag1239;NA;no;NA
ekar1243;no;no;NA
ekpe1253;NA;no;NA
elip1238;NA;no;NA
eloy1241;NA;no;NA
emai1241;NA;no;NA
embe1259;NA;no;NA
embe1260;NA;no;NA
embe1262;NA;no;NA
emer1243;NA;no;NA
enap1235;NA;no;NA
enaw1238;NA;yes;NA
enge1239;NA;no;NA
epen1239;NA;no;NA
erre1238;NA;yes;NA
ersu1241;NA;no;NA
erzy1239;NA;no;NA
esee1248;yes;yes;NA
esim1238;NA;no;NA
eten1239;NA;no;NA
eton1253;NA;no;NA
even1259;yes;yes;NA
even1260;yes;yes;NA
ewee1241;no;no;NA
ewon1239;NA;no;NA
eyak1241;yes;yes;NA
ezaa1238;NA;no;NA
faiw1243;NA;no;NA
fali1285;NA;no;NA
fang1246;NA;no;NA
fang1248;NA;no;NA
fare1241;NA;no;NA
faro1244;NA;no;NA
fasu1242;NA;no;NA
fefe1239;NA;no;NA
fern1234;NA;no;NA
fiji1243;no;no;NA
fili1244;NA;no;NA
finn1318;NA;no;NA
fipa1238;NA;no;NA
fonn1241;NA;no;NA
food1238;NA;no;NA
fore1265;yes;no;NA
friu1240;NA;no;NA
fuli1240;NA;no;NA
fuln1247;NA;no;NA
furr1244;NA;no;NA
furu1242;NA;no;NA
fwai1237;NA;no;NA
fwee1238;NA;no;NA
gaaa1244;NA;no;NA
gaaa1245;NA;no;NA
gaam1241;NA;no;NA
gade1236;NA;no;NA
gads1258;NA;no;NA
gaga1249;NA;no;NA
gaga1251;yes;yes;NA
gagn1235;NA;no;NA
gagu1242;NA;no;NA
gali1258;NA;no;NA
gali1262;NA;no;NA
galo1242;NA;no;NA
gamb1251;NA;yes;NA
gami1243;yes;yes;NA
gamo1243;NA;no;NA
gana1268;NA;yes;NA
gana1278;NA;yes;NA
gand1255;no;no;NA
gang1267;NA;yes;NA
gang1268;NA;yes;NA
gara1269;yes;yes;NA
gari1253;NA;yes;NA
garo1247;no;no;NA
gata1239;NA;no;NA
gava1241;NA;no;NA
gavi1246;NA;no;NA
gayo1244;NA;no;NA
gbag1258;NA;no;NA
gbar1246;NA;no;NA
gbay1281;NA;no;NA
gbay1287;NA;no;NA
gbay1288;NA;no;NA
gbes1238;NA;no;NA
genn1243;NA;no;NA
gheg1238;NA;no;NA
ghod1238;NA;no;NA
ghom1247;NA;no;NA
gida1240;NA;yes;NA
gida1247;NA;no;NA
giky1238;NA;no;NA
gily1242;yes;yes;NA
giny1241;NA;no;NA
giry1241;NA;no;NA
glav1244;NA;no;NA
godi1239;NA;no;NA
goli1247;NA;no;NA
gonj1241;NA;no;NA
goon1238;yes;yes;NA
gour1243;NA;no;NA
gras1249;no;yes;NA
guah1255;yes;yes;NA
guaj1256;NA;yes;NA
guam1248;NA;no;NA
guan1269;NA;no;NA
guan1270;NA;no;NA
guar1292;NA;no;NA
guar1293;NA;no;NA
guat1253;yes;yes;NA
guay1257;no;yes;NA
guda1242;NA;yes;NA
gude1246;NA;no;NA
guer1243;NA;no;NA
guga1239;yes;yes;NA
gugu1253;NA;yes;NA
gugu1254;NA;yes;NA
gugu1255;yes;yes;NA
guin1254;NA;no;NA
guja1252;NA;no;NA
guja1253;NA;no;NA
guma1253;yes;yes;NA
gumu1244;NA;no;NA
gung1248;NA;yes;NA
gunw1252;yes;yes;NA
guny1241;yes;yes;NA
gupa1247;NA;yes;NA
gura1252;NA;yes;NA
gurd1238;NA;yes;NA
gure1255;yes;yes;NA
guri1247;yes;yes;NA
guro1248;NA;no;NA
guru1261;NA;no;NA
guwa1242;NA;yes;NA
gwan1268;NA;no;NA
gwen1239;NA;no;NA
hadi1240;NA;no;NA
hadz1240;yes;yes;NA
hain1253;NA;no;NA
haio1238;NA;yes;NA
haka1240;no;no;NA
hakk1236;NA;no;NA
halb1244;NA;no;NA
halh1238;no;no;NA
halk1245;yes;yes;NA
hame1242;NA;no;NA
hang1258;NA;no;NA
hang1260;NA;no;NA
hang1263;no;yes;NA
hara1271;NA;no;NA
haus1257;no;no;NA
hawa1245;NA;no;NA
hawk1239;NA;yes;NA
haya1250;NA;no;NA
hdii1240;NA;no;NA
hebr1245;NA;no;NA
heib1243;NA;no;NA
hela1238;NA;no;NA
here1253;NA;no;NA
hili1240;NA;no;NA
hind1269;no;no;NA
hixk1239;NA;no;NA
hmon1264;no;no;NA
hoav1238;NA;no;NA
holo1240;NA;no;NA
hooo1248;NA;no;NA
hopi1249;NA;no;NA
huaa1248;NA;yes;NA
hual1241;no;no;NA
huam1247;NA;no;NA
huam1248;NA;no;NA
huar1255;NA;no;NA
huas1242;NA;no;NA
huay1240;NA;no;NA
huba1236;NA;no;NA
hueh1236;NA;no;NA
huic1243;NA;no;NA
huml1238;NA;no;NA
hung1274;no;no;NA
hung1278;NA;no;NA
hunz1247;no;no;NA
hupa1239;yes;yes;NA
hupd1244;yes;yes;NA
iaai1238;NA;no;NA
iban1261;NA;no;NA
iban1264;NA;no;NA
ibib1240;NA;no;NA
icel1247;NA;no;NA
idaa1241;NA;no;NA
idom1241;NA;no;NA
ifee1241;NA;no;NA
iged1239;NA;no;NA
igna1246;no;yes;NA
igoo1238;NA;no;NA
ikar1243;NA;yes;NA
ikkk1242;no;no;NA
ikpe1245;NA;no;NA
ikwe1242;NA;no;NA
ikwo1238;NA;no;NA
ilok1237;NA;no;NA
imba1240;no;no;NA
imon1245;NA;no;NA
inap1243;NA;no;NA
indo1316;NA;no;NA
indo1317;yes;yes;NA
inga1252;NA;no;NA
ingu1240;no;no;NA
inor1238;NA;no;NA
iqui1243;no;yes;NA
iran1263;no;yes;NA
iraq1241;NA;no;NA
irar1238;NA;no;NA
irig1241;NA;no;NA
iris1253;no;no;NA
irul1243;NA;yes;NA
iseb1246;NA;no;NA
isla1278;NA;no;NA
isok1239;NA;no;NA
isth1244;no;no;NA
ital1282;NA;no;NA
itel1242;yes;yes;NA
iton1250;yes;yes;NA
iumi1238;NA;no;NA
ivat1242;NA;no;NA
iwai1244;yes;yes;NA
iwam1256;no;yes;NA
iyiv1238;NA;no;NA
iyow1239;NA;yes;NA
izer1241;NA;no;NA
izii1239;NA;no;NA
izon1238;NA;no;NA
jahh1242;NA;no;NA
jama1261;no;yes;NA
jams1239;NA;no;NA
japr1238;NA;no;NA
jaqa1244;NA;no;NA
jaru1254;yes;yes;NA
jauj1238;NA;no;NA
jaun1243;NA;no;NA
java1254;NA;no;NA
jebe1250;no;yes;NA
jeme1245;NA;no;NA
jenn1240;NA;yes;NA
jere1244;NA;no;NA
jerr1238;NA;no;NA
jiar1240;NA;no;NA
jica1244;yes;yes;NA
jita1239;NA;no;NA
jola1262;NA;no;NA
jola1263;NA;no;NA
jowu1238;NA;no;NA
juan1238;yes;yes;NA
jude1256;NA;no;NA
juho1239;yes;yes;NA
juma1249;NA;no;NA
jumj1238;NA;no;NA
jung1240;NA;no;NA
jurm1239;NA;no;NA
juru1256;NA;no;NA
kaba1278;NA;no;NA
kabi1260;NA;yes;NA
kabi1261;NA;no;NA
kabu1256;NA;no;NA
kaby1243;no;no;NA
kach1280;NA;no;NA
kadi1248;yes;yes;NA
kafa1242;NA;no;NA
kagf1238;NA;no;NA
kagu1239;NA;no;NA
kahe1238;NA;no;NA
kain1272;yes;yes;NA
kaiw1246;NA;no;NA
kaka1265;NA;no;NA
kako1242;NA;no;NA
kala1377;yes;yes;NA
kala1379;NA;yes;NA
kala1380;NA;yes;NA
kala1381;NA;no;NA
kala1384;NA;no;NA
kala1399;yes;yes;NA
kala1401;NA;yes;NA
kalk1246;yes;yes;NA
kalm1243;NA;no;NA
kama1351;NA;no;NA
kama1365;NA;no;NA
kama1367;NA;no;NA
kama1373;NA;no;NA
kamb1297;NA;no;NA
kamb1299;NA;no;NA
kamb1316;NA;no;NA
kamw1239;NA;no;NA
kang1280;NA;no;NA
kang1281;NA;no;NA
kang1288;NA;no;NA
kano1245;NA;no;NA
kara1462;yes;yes;NA
kara1464;NA;no;NA
kara1467;NA;no;NA
kara1474;NA;no;NA
kara1476;yes;yes;NA
kara1478;NA;no;NA
kara1483;NA;no;NA
kara1500;NA;no;NA
karb1241;NA;no;NA
kare1335;NA;no;NA
kare1338;NA;no;NA
kari1301;NA;no;NA
kari1304;NA;yes;NA
kari1311;NA;no;NA
karo1304;yes;yes;NA
karo1305;NA;no;NA
kase1253;NA;no;NA
kash1277;NA;no;NA
katc1249;NA;no;NA
kaur1267;NA;yes;NA
kawa1283;yes;yes;NA
kaxa1239;NA;no;NA
kaxu1237;NA;no;NA
kaya1319;yes;yes;NA
kaya1329;NA;no;NA
kaya1330;yes;yes;NA
kayt1238;NA;yes;NA
keig1242;NA;no;NA
kekc1242;NA;no;NA
kela1255;NA;no;NA
kele1255;NA;no;NA
keli1248;NA;no;NA
keme1240;NA;no;NA
kens1251;NA;no;NA
keny1279;NA;no;NA
keoo1238;NA;no;NA
kera1255;NA;no;NA
kete1252;NA;no;NA
kett1243;yes;yes;NA
kgal1244;NA;no;NA
khak1248;NA;no;NA
kham1282;NA;no;NA
khan1273;yes;yes;NA
khar1287;NA;no;NA
khas1269;no;no;NA
khez1235;NA;no;NA
khmu1256;NA;no;NA
kich1262;NA;no;NA
kiku1240;NA;no;NA
kild1236;no;no;NA
kima1244;NA;no;NA
kima1246;NA;no;NA
kinn1249;NA;no;NA
kiny1244;NA;no;NA
kiow1266;no;yes;NA
kips1239;NA;no;NA
kirg1245;NA;no;NA
kiri1254;NA;no;NA
kisa1263;NA;no;NA
kist1241;NA;no;NA
kita1249;NA;no;NA
kitj1240;yes;yes;NA
kitu1245;NA;no;NA
kitu1246;NA;no;NA
klam1254;yes;yes;NA
klao1243;NA;no;NA
koal1240;NA;no;NA
koas1236;no;no;NA
koda1255;NA;no;NA
kofy1242;NA;no;NA
koho1244;NA;no;NA
kohu1244;NA;no;NA
koka1244;NA;yes;NA
kokb1239;NA;no;NA
kokn1236;NA;yes;NA
koko1269;NA;no;NA
kolc1235;NA;no;NA
komc1235;NA;no;NA
komi1268;NA;no;NA
komi1269;NA;no;NA
komo1258;NA;no;NA
komo1260;NA;no;NA
kond1295;no;no;NA
kond1303;NA;yes;NA
konk1267;NA;no;NA
konk1269;NA;no;NA
konn1242;NA;no;NA
koon1245;NA;no;NA
koor1239;NA;no;NA
kora1294;NA;no;NA
kore1280;no;no;NA
kore1283;NA;no;NA
kork1243;NA;no;NA
korr1238;NA;no;NA
koru1247;NA;no;NA
kory1246;yes;yes;NA
kosh1246;NA;no;NA
kota1263;NA;no;NA
kota1272;NA;no;NA
koya1251;NA;no;NA
koya1253;NA;no;NA
koyr1240;no;no;NA
koyr1242;NA;no;NA
kpan1246;NA;no;NA
krac1238;NA;no;NA
krah1246;NA;no;NA
kren1239;NA;yes;NA
krik1239;NA;no;NA
krim1238;NA;no;NA
krio1253;NA;no;NA
kris1246;no;yes;NA
kron1241;NA;no;NA
kuan1247;NA;no;NA
kuii1252;NA;no;NA
kuik1246;NA;no;NA
kuka1246;NA;yes;NA
kuku1273;yes;yes;NA
kulu1253;NA;no;NA
kuma1273;NA;no;NA
kumb1268;yes;yes;NA
kumi1248;yes;yes;NA
kumy1244;NA;no;NA
kumz1235;NA;no;NA
kuna1268;NA;no;NA
kung1258;NA;yes;NA
kung1259;NA;yes;NA
kuni1267;NA;no;NA
kuni1268;NA;no;NA
kunj1245;yes;yes;NA
kuny1238;NA;no;NA
kunz1244;NA;no;NA
kuoo1238;NA;no;NA
kuot1243;NA;no;NA
kupa1239;NA;no;NA
kups1238;NA;no;NA
kura1250;NA;no;NA
kuri1259;NA;no;NA
kurr1243;NA;yes;NA
kuru1302;NA;yes;NA
kuru1309;NA;no;NA
kusa1250;NA;no;NA
kusu1250;yes;yes;NA
kute1248;NA;no;NA
kuth1240;NA;yes;NA
kuuk1238;yes;yes;NA
kuun1236;NA;yes;NA
kuvi1243;NA;no;NA
kuwa1246;NA;no;NA
kuyy1240;NA;no;NA
kwai1243;NA;no;NA
kwak1269;yes;yes;NA
kwam1249;NA;no;NA
kwam1250;NA;no;NA
kwam1251;NA;no;NA
kwan1273;NA;no;NA
kwan1276;NA;no;NA
kwas1243;NA;no;NA
kway1241;NA;no;NA
kwaz1243;NA;no;NA
kwes1244;NA;no;NA
kwin1241;NA;yes;NA
kwom1262;yes;yes;NA
kxoe1243;yes;yes;NA
kyen1242;NA;no;NA
kyer1238;NA;no;NA
lada1244;NA;no;NA
ladi1251;NA;no;NA
lagw1237;NA;no;NA
lahu1253;no;no;NA
lake1258;yes;yes;NA
lakk1238;NA;no;NA
lakk1252;no;no;NA
lako1244;NA;no;NA
lako1247;yes;yes;NA
lama1275;NA;no;NA
lama1288;NA;no;NA
lamb1269;NA;no;NA
lamb1276;NA;no;NA
lamn1239;NA;no;NA
lamu1254;yes;yes;NA
lang1320;NA;no;NA
lang1322;NA;no;NA
lang1324;NA;no;NA
laoo1244;NA;no;NA
lara1258;yes;yes;NA
lara1260;NA;no;NA
lard1243;yes;yes;NA
latu1238;NA;no;NA
lave1249;NA;no;NA
lavu1241;NA;no;NA
lazz1240;NA;no;NA
leal1235;no;no;NA
leco1242;NA;yes;NA
lega1249;NA;no;NA
legb1242;NA;no;NA
lele1264;NA;no;NA
lele1266;NA;no;NA
lele1276;NA;no;NA
lena1238;NA;no;NA
lend1245;NA;no;NA
leng1258;NA;no;NA
leni1238;NA;yes;NA
lepc1244;NA;no;NA
lese1243;NA;no;NA
leti1246;NA;no;NA
lezg1247;no;no;NA
libe1247;NA;no;NA
liby1240;NA;no;NA
ligb1244;NA;no;NA
ligu1248;NA;no;NA
liji1238;NA;no;NA
lika1243;NA;no;NA
limb1268;NA;no;NA
ling1263;NA;no;NA
lish1246;NA;no;NA
lisu1250;NA;no;NA
lith1251;NA;no;NA
livv1244;NA;no;NA
logb1245;NA;no;NA
logo1259;NA;no;NA
loko1255;NA;no;NA
loma1260;NA;no;NA
long1387;NA;no;NA
loni1238;NA;no;NA
loth1237;NA;no;NA
lowa1242;NA;no;NA
lowe1385;NA;no;NA
lowe1415;NA;no;NA
lowe1436;NA;yes;NA
loxi1235;NA;no;NA
luch1239;NA;no;NA
lugb1240;NA;no;NA
luis1253;yes;yes;NA
lukp1238;NA;no;NA
lumu1239;NA;no;NA
lund1266;NA;no;NA
luok1236;NA;no;NA
lush1249;NA;no;NA
lush1252;yes;yes;NA
lusi1240;NA;no;NA
luuu1242;NA;no;NA
luva1239;NA;no;NA
luwo1239;NA;no;NA
luxe1241;NA;no;NA
luya1241;NA;no;NA
lyel1241;NA;no;NA
maas1239;NA;no;NA
maay1238;NA;no;NA
maba1273;NA;no;NA
maba1277;NA;no;NA
maca1259;no;yes;NA
maca1260;yes;yes;NA
mace1250;NA;no;NA
mach1266;NA;no;NA
mach1267;NA;no;NA
mach1268;NA;no;NA
macu1259;NA;no;NA
macu1260;NA;no;NA
mada1282;NA;no;NA
mada1293;NA;no;NA
madi1260;NA;no;NA
madi1261;NA;no;NA
madn1237;yes;yes;NA
mafe1237;NA;no;NA
maga1260;NA;no;NA
maib1239;NA;no;NA
mait1250;NA;no;NA
maka1304;NA;no;NA
maka1311;NA;no;NA
mako1251;NA;no;NA
maku1278;NA;no;NA
mala1464;NA;no;NA
mala1481;NA;no;NA
mala1522;NA;no;NA
malg1242;NA;yes;NA
mall1246;NA;no;NA
malo1243;NA;no;NA
malt1254;NA;no;NA
mama1271;NA;no;NA
mama1278;NA;no;NA
mamb1294;NA;no;NA
mamb1296;NA;no;NA
mamm1241;NA;no;NA
mamp1244;NA;no;NA
mana1288;NA;no;NA
mana1295;NA;no;NA
manc1252;NA;no;NA
mand1415;no;no;NA
mand1436;NA;no;NA
mang1381;yes;yes;NA
mang1382;NA;yes;NA
mang1383;NA;yes;NA
mang1394;NA;no;NA
mani1292;NA;no;NA
mann1248;NA;no;NA
mans1258;yes;yes;NA
many1261;NA;no;NA
maon1238;no;no;NA
maor1246;yes;yes;NA
mapo1246;NA;no;NA
mapu1245;no;no;NA
maqu1238;NA;no;NA
mara1378;NA;no;NA
mara1385;yes;yes;NA
mara1386;yes;yes;NA
mara1404;NA;no;NA
marg1251;NA;yes;NA
marg1253;yes;yes;NA
marg1265;NA;no;NA
mari1414;NA;no;NA
mari1417;NA;yes;NA
mari1419;yes;yes;NA
mari1424;yes;yes;NA
mark1255;NA;no;NA
mart1254;NA;yes;NA
mart1255;yes;yes;NA
marw1260;NA;no;NA
masa1299;NA;no;NA
masa1300;no;no;NA
matb1237;NA;no;NA
mati1255;NA;no;NA
mato1253;NA;yes;NA
mats1244;NA;no;NA
matu1259;NA;no;NA
maun1240;yes;yes;NA
mawa1270;NA;no;NA
maxa1247;no;yes;NA
maya1280;NA;yes;NA
mayk1239;NA;yes;NA
mayo1261;NA;no;NA
maza1291;NA;no;NA
mbaa1245;NA;no;NA
mbab1239;yes;yes;NA
mbal1255;NA;no;NA
mbar1253;NA;yes;NA
mbar1254;NA;yes;NA
mbay1241;NA;no;NA
mbee1249;NA;no;NA
mbee1250;NA;no;NA
mboc1235;NA;no;NA
mbuk1240;NA;no;NA
mbuk1243;NA;no;NA
mbum1254;NA;no;NA
mbuu1238;NA;no;NA
mbya1239;no;yes;NA
medu1238;NA;no;NA
meen1242;NA;no;NA
mehi1240;NA;no;NA
mehr1241;NA;no;NA
mend1266;no;no;NA
mere1246;NA;no;NA
meru1245;NA;no;NA
mesc1238;yes;yes;NA
mesq1240;NA;no;NA
meta1238;NA;no;NA
mewa1250;NA;no;NA
mezq1235;no;no;NA
mfum1238;NA;no;NA
mian1256;NA;yes;NA
mich1245;NA;no;NA
miju1243;NA;no;NA
mina1268;NA;no;NA
mina1276;NA;no;NA
mind1253;NA;no;NA
ming1252;NA;no;NA
mini1256;no;yes;NA
minn1241;NA;no;NA
mira1251;NA;no;NA
miri1266;yes;yes;NA
misi1242;NA;no;NA
miya1259;NA;no;NA
mmaa1238;NA;no;NA
mmen1238;NA;no;NA
moch1256;NA;no;NA
moch1259;NA;no;NA
moco1246;yes;yes;NA
mode1248;no;no;NA
mofu1248;NA;no;NA
mogh1245;NA;no;NA
moke1242;NA;yes;NA
mokl1243;NA;no;NA
mokp1239;NA;no;NA
moks1248;NA;no;NA
mola1238;yes;yes;NA
molo1266;NA;no;NA
mong1331;NA;no;NA
mong1338;NA;no;NA
mono1269;NA;no;NA
mono1270;NA;no;NA
morb1239;NA;yes;NA
mori1268;NA;no;NA
mori1278;NA;no;NA
moro1284;NA;no;NA
moro1285;NA;no;NA
moro1292;NA;no;NA
moru1253;NA;no;NA
mose1249;no;no;NA
moss1236;NA;no;NA
motl1237;NA;no;NA
movi1243;no;yes;NA
moyo1238;NA;no;NA
mpad1242;NA;no;NA
mpon1254;NA;no;NA
mudb1240;yes;yes;NA
mudh1235;NA;no;NA
mufi1238;NA;no;NA
muin1242;no;yes;NA
mull1237;yes;yes;NA
mulu1243;NA;yes;NA
muna1247;NA;no;NA
mund1320;NA;no;NA
mund1325;NA;no;NA
mund1326;NA;no;NA
mund1327;NA;no;NA
mund1328;NA;no;NA
mund1330;no;yes;NA
mung1266;NA;no;NA
muni1258;NA;no;NA
munj1244;NA;no;NA
murl1244;NA;no;NA
murr1258;yes;yes;NA
muru1266;yes;yes;NA
muru1274;no;yes;NA
muya1243;NA;no;NA
mwag1236;NA;no;NA
mwal1237;NA;no;NA
mwan1247;NA;no;NA
mwan1250;NA;no;NA
myen1241;NA;no;NA
naas1242;NA;no;NA
nade1244;yes;yes;NA
nafa1258;NA;no;NA
naga1394;NA;no;NA
najd1235;NA;no;NA
naka1260;yes;yes;NA
naki1238;NA;no;NA
nama1264;NA;no;NA
nami1256;yes;yes;NA
nana1257;yes;yes;NA
nand1266;NA;no;NA
nang1259;NA;yes;NA
nank1250;NA;no;NA
nant1250;NA;no;NA
napo1242;NA;no;NA
nara1262;NA;no;NA
nari1240;NA;no;NA
narp1239;NA;no;NA
narr1259;NA;yes;NA
naru1238;NA;yes;NA
nate1242;NA;no;NA
natu1246;NA;no;NA
nauk1242;yes;yes;NA
nava1243;no;no;NA
nawd1238;NA;no;NA
nawu1242;NA;no;NA
naxi1245;NA;no;NA
ncan1245;NA;no;NA
ndai1238;NA;no;NA
ndal1241;NA;no;NA
ndam1239;NA;no;NA
ndem1249;NA;no;NA
ndog1248;NA;no;NA
ndon1254;NA;no;NA
ndut1239;NA;no;NA
ndzw1235;NA;no;NA
nene1249;yes;yes;NA
nepa1253;NA;no;NA
nepa1254;NA;no;NA
newa1246;NA;no;NA
nezp1238;yes;yes;NA
ngaa1240;yes;yes;NA
ngad1258;yes;yes;NA
ngad1261;NA;no;NA
ngal1292;yes;yes;NA
ngal1293;yes;yes;NA
ngam1265;NA;yes;NA
ngam1268;NA;no;NA
ngan1291;yes;yes;NA
ngan1295;yes;yes;NA
ngan1296;NA;yes;NA
ngan1299;NA;no;NA
ngan1300;NA;no;NA
ngar1235;yes;yes;NA
ngar1284;yes;yes;NA
ngar1286;NA;yes;NA
ngar1287;yes;yes;NA
ngar1288;NA;yes;NA
ngas1238;NA;no;NA
ngas1240;NA;no;NA
ngaw1240;yes;yes;NA
ngaz1238;NA;no;NA
ngba1285;NA;no;NA
ngem1255;NA;no;NA
ngie1241;NA;no;NA
ngit1239;NA;no;NA
ngiz1242;NA;no;NA
ngom1271;NA;no;NA
ngom1272;NA;no;NA
ngos1238;NA;no;NA
ngwe1238;NA;no;NA
nhan1238;NA;yes;NA
nhen1239;NA;no;NA
nhuw1239;NA;yes;NA
nias1242;NA;no;NA
niel1243;NA;no;NA
nige1253;NA;no;NA
nige1255;NA;no;NA
nige1257;NA;no;NA
nija1241;NA;yes;NA
nima1245;NA;yes;NA
nina1238;yes;yes;NA
ning1273;NA;no;NA
nisg1240;yes;yes;NA
niva1238;yes;yes;NA
njeb1242;NA;no;NA
njye1238;NA;no;NA
nkon1245;NA;no;NA
nobi1240;NA;no;NA
noma1260;NA;no;NA
noma1263;NA;no;NA
nonu1241;NA;no;NA
noon1243;NA;no;NA
nort1550;NA;no;NA
nort2626;NA;no;NA
nort2627;NA;no;NA
nort2641;NA;no;NA
nort2646;NA;no;NA
nort2671;no;no;NA
nort2684;NA;no;NA
nort2686;NA;no;NA
nort2690;NA;no;NA
nort2697;NA;no;NA
nort2699;NA;no;NA
nort2722;NA;no;NA
nort2735;NA;no;NA
nort2740;NA;no;NA
nort2741;NA;no;NA
nort2745;yes;yes;NA
nort2765;NA;no;NA
nort2774;NA;no;NA
nort2775;NA;no;NA
nort2780;NA;no;NA
nort2784;NA;no;NA
nort2787;NA;no;NA
nort2795;NA;no;NA
nort2810;NA;no;NA
nort2815;NA;no;NA
nort2819;NA;no;NA
nort2828;NA;no;NA
nort2845;NA;no;NA
nort2938;yes;yes;NA
nort2943;NA;yes;NA
nort2952;yes;yes;NA
nort2954;yes;yes;NA
nort2957;NA;no;NA
nort2966;yes;yes;NA
nort2972;NA;no;NA
nort2976;NA;no;NA
nort2979;NA;no;NA
nort2980;NA;no;NA
nort2984;NA;no;NA
nort3047;NA;no;NA
norw1258;NA;no;NA
ntch1242;NA;no;NA
ntom1248;NA;no;NA
nubi1253;NA;no;NA
nucl1235;NA;no;NA
nucl1240;NA;no;NA
nucl1290;NA;no;NA
nucl1301;NA;no;NA
nucl1302;no;no;NA
nucl1305;NA;no;NA
nucl1310;no;no;NA
nucl1339;NA;no;NA
nucl1347;NA;no;NA
nucl1417;NA;no;NA
nucl1418;NA;no;NA
nucl1440;NA;no;NA
nucl1454;NA;no;NA
nucl1460;NA;no;NA
nucl1620;NA;no;NA
nucl1632;no;yes;NA
nucl1633;NA;no;NA
nucl1634;no;yes;NA
nucl1643;no;no;NA
nucl1649;yes;yes;NA
nucl1683;NA;no;NA
nucl1695;NA;no;NA
nucl1696;NA;no;NA
nuer1246;NA;no;NA
nugu1241;NA;yes;NA
nugu1242;NA;no;NA
nuka1242;yes;yes;NA
nuku1263;NA;no;NA
nung1283;NA;no;NA
nung1290;yes;yes;NA
nung1291;NA;yes;NA
nupe1254;NA;no;NA
nuuc1236;yes;no;NA
nyab1255;NA;no;NA
nyah1250;NA;no;NA
nyam1271;NA;yes;NA
nyam1276;NA;no;NA
nyam1277;NA;no;NA
nyam1285;NA;no;NA
nyan1301;yes;yes;NA
nyan1307;NA;no;NA
nyan1313;no;no;NA
nyaw1245;NA;no;NA
nyaw1247;yes;yes;NA
nyeu1238;NA;no;NA
nyig1240;yes;yes;NA
nyis1236;NA;no;NA
nyol1238;NA;no;NA
nyon1241;NA;no;NA
nyul1247;yes;yes;NA
nyun1247;yes;yes;NA
nzim1238;NA;no;NA
obol1243;NA;no;NA
ocai1244;no;yes;NA
occi1239;NA;no;NA
ofay1240;NA;yes;NA
ogbi1239;NA;no;NA
okoe1238;NA;no;NA
okuu1243;NA;no;NA
olub1238;NA;no;NA
olut1240;NA;no;NA
omag1248;NA;no;NA
onaa1245;yes;yes;NA
onei1249;no;no;NA
onge1236;yes;yes;NA
opuu1239;NA;no;NA
orej1242;NA;no;NA
oriy1255;NA;no;NA
orma1241;NA;no;NA
ormu1247;NA;no;NA
orok1266;NA;no;NA
orok1269;NA;no;NA
orow1243;NA;no;NA
osse1243;no;no;NA
otor1240;NA;no;NA
otuh1238;NA;no;NA
paca1246;NA;no;NA
paco1243;NA;no;NA
paez1247;NA;no;NA
pagi1243;NA;no;NA
pait1244;NA;no;NA
pait1247;NA;no;NA
paiw1248;no;no;NA
paka1251;yes;yes;NA
pala1344;NA;no;NA
pali1279;NA;no;NA
palo1243;NA;no;NA
pamp1243;NA;no;NA
pana1293;NA;no;NA
pana1305;yes;yes;NA
pana1307;NA;no;NA
pang1287;NA;no;NA
pang1290;NA;no;NA
panj1256;NA;no;NA
pano1254;NA;no;NA
pano1255;NA;no;NA
pany1241;yes;yes;NA
paok1235;NA;no;NA
papa1238;no;no;NA
para1301;NA;no;NA
para1310;NA;yes;NA
para1311;no;no;NA
para1312;NA;no;NA
para1315;NA;no;NA
para1316;NA;no;NA
pare1266;NA;no;NA
pare1272;NA;no;NA
park1239;NA;no;NA
pate1247;NA;no;NA
patt1248;NA;no;NA
paum1247;no;yes;NA
pech1241;NA;no;NA
pemo1245;NA;no;NA
pemo1248;NA;no;NA
peng1244;NA;no;NA
pero1241;NA;no;NA
peta1245;NA;no;NA
peve1243;NA;no;NA
phai1238;NA;no;NA
phal1254;NA;no;NA
phut1244;NA;no;NA
piap1246;no;no;NA
piar1243;NA;no;NA
pich1237;NA;no;NA
pila1245;yes;yes;NA
pint1250;yes;yes;NA
piny1238;NA;no;NA
pira1253;yes;yes;NA
pira1254;NA;no;NA
pirl1238;NA;yes;NA
pirr1240;NA;yes;NA
pite1240;no;no;NA
pitj1243;yes;yes;NA
pitt1247;yes;yes;NA
plat1254;NA;no;NA
plau1238;NA;no;NA
pnar1238;NA;yes;NA
pohn1238;NA;no;NA
poko1263;NA;no;NA
poli1260;NA;no;NA
popt1235;NA;no;NA
port1283;NA;no;NA
pott1240;NA;no;NA
poya1241;NA;no;NA
prin1242;NA;no;NA
puel1244;yes;yes;NA
puin1248;NA;no;NA
pula1262;NA;no;NA
pula1263;NA;no;NA
pume1238;yes;yes;NA
punt1240;NA;yes;NA
puoc1238;NA;no;NA
pure1242;NA;no;NA
puri1258;NA;no;NA
puri1262;NA;yes;NA
pwon1235;NA;no;NA
qaqe1238;NA;no;NA
qaua1234;NA;no;NA
qawa1238;NA;yes;NA
qima1242;NA;no;NA
quec1382;yes;yes;NA
quil1240;yes;yes;NA
quio1240;no;no;NA
rajb1243;NA;no;NA
rama1270;NA;no;NA
ravu1237;NA;no;NA
rawa1265;NA;no;NA
reel1238;NA;no;NA
remb1249;yes;yes;NA
rend1243;NA;no;NA
resi1247;NA;no;NA
reun1238;NA;no;NA
reye1240;NA;yes;NA
rikb1245;yes;yes;NA
rita1239;NA;yes;NA
roma1326;NA;no;NA
roma1327;NA;no;NA
rong1268;NA;no;NA
roto1249;NA;no;NA
ruka1240;NA;no;NA
rund1242;NA;no;NA
russ1263;no;no;NA
russ1264;NA;no;NA
rusy1239;NA;no;NA
rutu1240;NA;no;NA
saam1283;NA;no;NA
saba1262;NA;no;NA
saba1265;NA;no;NA
saba1268;NA;yes;NA
saek1240;NA;no;NA
saki1248;NA;no;NA
sala1264;NA;no;NA
sala1272;NA;no;NA
sali1298;NA;no;NA
samb1305;NA;no;NA
samo1303;NA;no;NA
samr1245;NA;no;NA
sand1273;yes;yes;NA
sang1328;NA;no;NA
sanj1284;no;no;NA
sanm1287;NA;no;NA
sanm1289;NA;no;NA
sanm1295;no;no;NA
sanm1298;NA;no;NA
sans1269;NA;no;NA
sant1410;NA;no;NA
sant1432;NA;no;NA
sanu1240;yes;yes;NA
saop1235;NA;no;NA
saot1239;NA;no;NA
sasa1249;NA;no;NA
sata1237;NA;no;NA
sate1243;NA;no;NA
saur1248;NA;no;NA
saur1249;NA;no;NA
savo1255;NA;no;NA
saxw1241;NA;no;NA
saya1246;NA;no;NA
sayu1241;NA;no;NA
scot1243;NA;no;NA
scot1245;NA;no;NA
seba1251;NA;no;NA
seco1241;NA;no;NA
seda1262;NA;no;NA
seim1238;NA;no;NA
sekp1241;NA;no;NA
sela1259;NA;no;NA
sele1249;NA;no;NA
sele1250;NA;no;NA
selk1253;yes;yes;NA
seme1247;NA;no;NA
sena1262;NA;no;NA
sene1264;NA;no;NA
sera1259;NA;no;NA
serb1264;NA;no;NA
sere1260;NA;no;NA
seri1257;yes;yes;NA
serr1255;yes;yes;NA
sgaw1245;NA;no;NA
shab1252;yes;yes;NA
shal1242;NA;no;NA
shan1277;NA;no;NA
shan1282;NA;no;NA
shar1245;NA;no;NA
shas1239;yes;yes;NA
shaw1249;yes;yes;NA
sheh1240;NA;no;NA
sher1255;NA;no;NA
sher1258;NA;no;NA
shil1265;NA;no;NA
shin1264;NA;no;NA
ship1254;yes;no;NA
shix1238;NA;no;NA
shon1251;NA;no;NA
shua1257;no;no;NA
shus1248;yes;yes;NA
shwa1239;NA;no;NA
siam1242;NA;no;NA
sian1254;NA;no;NA
siar1238;NA;no;NA
sich1238;NA;no;NA
sida1246;NA;no;NA
sikk1242;NA;no;NA
siks1238;yes;yes;NA
silt1240;NA;no;NA
sind1272;NA;no;NA
sinh1246;NA;no;NA
sion1247;NA;no;NA
sipa1247;NA;no;NA
siri1273;yes;yes;NA
siri1274;NA;no;NA
siss1242;NA;no;NA
siss1243;NA;no;NA
siwi1239;NA;no;NA
siwu1238;NA;no;NA
skol1241;no;no;NA
slov1268;NA;no;NA
slov1269;NA;no;NA
soch1239;no;no;NA
soma1255;no;no;NA
soni1259;NA;no;NA
sooo1256;NA;no;NA
soqo1240;NA;no;NA
sora1254;NA;no;NA
sout1549;NA;no;NA
sout2642;NA;no;NA
sout2649;NA;no;NA
sout2672;NA;no;NA
sout2674;no;no;NA
sout2679;NA;no;NA
sout2697;NA;no;NA
sout2729;NA;no;NA
sout2746;NA;no;NA
sout2750;yes;yes;NA
sout2771;NA;yes;NA
sout2774;NA;no;NA
sout2789;NA;no;NA
sout2790;NA;no;NA
sout2795;NA;no;NA
sout2828;NA;no;NA
sout2832;NA;no;NA
sout2833;NA;no;NA
sout2840;NA;no;NA
sout2844;NA;no;NA
sout2856;NA;no;NA
sout2895;NA;no;NA
sout2918;NA;no;NA
sout2949;NA;yes;NA
sout2961;NA;no;NA
sout2982;yes;yes;NA
sout2985;yes;yes;NA
sout2991;no;no;NA
sout2994;yes;yes;NA
spit1240;NA;no;NA
spok1245;yes;yes;NA
squa1248;yes;yes;NA
stan1288;no;no;NA
stan1289;NA;no;NA
stan1290;NA;no;NA
stan1293;NA;no;NA
stan1295;no;no;NA
stan1306;NA;no;NA
stan1318;NA;no;NA
stra1244;yes;yes;NA
suba1252;NA;no;NA
subi1246;NA;no;NA
suda1236;NA;no;NA
suen1241;NA;no;NA
suga1248;NA;no;NA
suii1243;NA;no;NA
suku1261;NA;no;NA
sumb1240;NA;no;NA
sumi1235;NA;no;NA
sund1252;NA;no;NA
suri1267;NA;no;NA
surs1246;NA;no;NA
suru1262;NA;no;NA
suru1263;NA;yes;NA
susu1250;NA;no;NA
suya1243;NA;no;NA
svan1243;no;no;NA
swah1253;NA;no;NA
swed1254;NA;no;NA
swis1247;NA;no;NA
sydn1236;NA;yes;NA
taba1266;NA;no;NA
taca1256;yes;yes;NA
tach1250;NA;no;NA
tada1238;NA;no;NA
taga1270;no;no;NA
tagw1240;NA;no;NA
taha1241;NA;no;NA
taid1248;NA;no;NA
taid1249;NA;no;NA
tain1252;NA;no;NA
taji1245;NA;no;NA
take1255;NA;no;NA
talo1250;NA;no;NA
tama1331;NA;no;NA
tama1365;no;no;NA
tami1289;yes;no;NA
tamn1235;NA;yes;NA
tamp1252;NA;no;NA
tana1290;yes;yes;NA
tang1336;NA;no;NA
tani1257;NA;no;NA
tapi1253;NA;no;NA
tapi1254;NA;no;NA
tari1256;NA;no;NA
tari1263;NA;no;NA
taro1263;NA;no;NA
taro1264;NA;no;NA
tase1235;NA;no;NA
tata1255;NA;no;NA
tata1257;NA;no;NA
tatu1247;NA;no;NA
taus1251;NA;no;NA
taus1253;no;yes;NA
tawa1286;NA;no;NA
teda1241;NA;no;NA
tedi1235;NA;no;NA
teee1242;NA;no;NA
teen1242;NA;no;NA
tehu1242;yes;yes;NA
teke1280;NA;no;NA
tele1256;no;no;NA
telu1262;yes;yes;NA
temb1276;NA;no;NA
temi1246;NA;no;NA
temm1241;NA;no;NA
tena1240;NA;no;NA
teng1272;NA;no;NA
tenh1241;NA;no;NA
tepo1239;NA;no;NA
tera1251;NA;no;NA
tere1279;NA;no;NA
tern1247;NA;no;NA
ters1235;no;no;NA
tese1238;NA;no;NA
tetu1245;NA;no;NA
tewa1260;NA;no;NA
texi1237;NA;no;NA
thad1238;NA;no;NA
thai1261;no;no;NA
thak1245;NA;no;NA
thay1248;yes;yes;NA
thay1249;yes;yes;NA
thii1234;NA;yes;NA
thul1246;NA;no;NA
thur1254;NA;yes;NA
tiag1235;NA;no;NA
tibe1272;no;no;NA
ticu1245;NA;no;NA
tiey1235;NA;no;NA
tiga1245;NA;no;NA
tigo1236;NA;no;NA
tigr1270;NA;no;NA
tigr1271;NA;no;NA
tika1246;NA;no;NA
tilq1235;NA;no;NA
timn1235;NA;no;NA
tini1245;NA;no;NA
tinp1237;NA;no;NA
tira1254;NA;no;NA
tiru1241;NA;no;NA
tivv1240;NA;no;NA
tiwi1244;yes;yes;NA
tlac1235;NA;no;NA
tlin1245;yes;yes;NA
toar1246;no;yes;NA
toba1269;yes;yes;NA
toca1235;NA;no;NA
toch1257;NA;no;NA
toda1252;NA;no;NA
tofi1235;NA;no;NA
toho1245;NA;no;NA
toll1241;NA;no;NA
tolo1259;NA;yes;NA
tong1318;NA;no;NA
tong1325;NA;no;NA
tonk1249;yes;yes;NA
topo1242;NA;no;NA
toro1252;NA;no;NA
torw1241;NA;no;NA
tosk1239;NA;no;NA
tote1238;NA;no;NA
toto1305;NA;no;NA
tour1242;NA;no;NA
trin1274;NA;no;NA
trio1238;NA;no;NA
trum1247;no;yes;NA
tsam1247;NA;no;NA
tsha1245;NA;no;NA
tsot1241;NA;no;NA
tsou1248;NA;no;NA
tsuv1239;NA;no;NA
tuca1252;NA;no;NA
tuka1248;NA;no;NA
tuki1240;NA;no;NA
tuli1249;NA;no;NA
tulu1258;NA;no;NA
tumt1243;NA;no;NA
tune1261;NA;no;NA
tuni1251;NA;no;NA
tuni1252;no;no;NA
tupa1250;NA;no;NA
tupi1273;NA;no;NA
tupu1244;NA;no;NA
turk1304;NA;no;NA
tuuu1240;NA;no;NA
tuvi1240;no;no;NA
tuyu1244;NA;no;NA
tzel1254;NA;no;NA
tzot1259;NA;no;NA
tzut1248;no;no;NA
ucay1237;NA;no;NA
udih1248;yes;yes;NA
udmu1245;NA;no;NA
uduk1239;NA;no;NA
uigh1240;NA;no;NA
ukra1253;NA;no;NA
ulwa1239;NA;no;NA
umbu1235;NA;yes;NA
umbu1256;NA;yes;NA
umbu1257;NA;no;NA
umot1240;NA;yes;NA
umpi1239;NA;yes;NA
unam1242;NA;yes;NA
ungg1243;NA;yes;NA
uppe1395;NA;no;NA
uppe1400;NA;no;NA
uppe1439;yes;yes;NA
uppe1455;NA;no;NA
ural1274;yes;no;NA
urar1246;NA;no;NA
urdu1245;NA;no;NA
urii1240;NA;no;NA
urni1239;NA;yes;NA
urub1250;NA;no;NA
urue1240;NA;no;NA
uruu1244;NA;no;NA
usan1239;NA;no;NA
usar1243;NA;no;NA
utes1238;yes;yes;NA
vaag1238;NA;no;NA
vagl1239;NA;no;NA
vaii1241;NA;no;NA
vame1236;NA;no;NA
vani1248;no;yes;NA
varl1238;NA;no;NA
veng1238;NA;no;NA
veps1250;NA;no;NA
viet1252;no;no;NA
vile1241;NA;yes;NA
vlax1238;NA;no;NA
voti1245;NA;no;NA
vute1244;NA;no;NA
waam1244;NA;no;NA
wadj1254;NA;yes;NA
waga1260;NA;yes;NA
wage1238;yes;yes;NA
waim1251;NA;no;NA
waim1253;NA;no;NA
waim1255;NA;no;NA
waiw1244;no;yes;NA
waja1257;yes;yes;NA
waka1274;NA;yes;NA
wakh1245;NA;no;NA
walm1241;yes;yes;NA
walu1241;NA;no;NA
wamb1258;yes;yes;NA
wamb1259;no;no;NA
wame1240;NA;no;NA
wami1239;NA;yes;NA
wand1263;yes;yes;NA
wand1278;NA;no;NA
wane1241;NA;no;NA
wang1289;NA;yes;NA
wang1290;NA;yes;NA
wang1291;NA;yes;NA
wanm1242;NA;yes;NA
wann1242;NA;no;NA
want1252;NA;no;NA
wany1247;NA;yes;NA
waor1240;yes;yes;NA
wapi1253;NA;no;NA
wapp1239;yes;yes;NA
wara1290;yes;yes;NA
wara1303;yes;yes;NA
ward1246;yes;yes;NA
wari1262;NA;yes;NA
wari1266;NA;no;NA
wari1268;NA;no;NA
warl1254;yes;yes;NA
warl1255;NA;yes;NA
warl1256;yes;yes;NA
warr1255;yes;yes;NA
warr1258;yes;yes;NA
waru1264;NA;yes;NA
waru1265;NA;yes;NA
wash1253;yes;yes;NA
wath1238;NA;yes;NA
waur1244;NA;no;NA
wawa1246;NA;no;NA
waya1269;NA;no;NA
waya1270;NA;no;NA
wayu1241;NA;no;NA
wayu1243;NA;no;NA
wehh1238;NA;no;NA
wels1247;NA;no;NA
weno1238;NA;no;NA
west2354;NA;no;NA
west2368;NA;no;NA
west2369;no;no;NA
west2392;NA;no;NA
west2397;NA;no;NA
west2408;NA;no;NA
west2441;yes;yes;NA
west2450;NA;no;NA
west2454;NA;no;NA
west2456;NA;no;NA
west2458;NA;no;NA
west2466;NA;no;NA
west2500;NA;no;NA
west2560;NA;no;NA
west2600;NA;no;NA
west2632;no;no;NA
west2644;NA;no;NA
west2650;NA;no;NA
wich1260;no;no;NA
wich1262;NA;yes;NA
wikm1247;yes;yes;NA
wikn1245;yes;yes;NA
wikn1246;NA;yes;NA
wira1262;NA;yes;NA
wiyo1248;yes;yes;NA
woge1237;NA;no;NA
woiw1237;NA;yes;NA
wola1242;NA;no;NA
wong1246;NA;yes;NA
wong1247;NA;no;NA
wori1245;NA;yes;NA
woun1238;NA;no;NA
wuch1236;NA;no;NA
wulg1239;NA;yes;NA
wuli1242;NA;yes;NA
wuna1249;NA;yes;NA
wurr1238;NA;yes;NA
wuzl1236;NA;no;NA
wyan1247;NA;no;NA
wymy1235;NA;no;NA
xamt1239;NA;no;NA
xava1240;yes;yes;NA
xere1240;NA;no;NA
xeta1241;NA;yes;NA
xhos1239;NA;no;NA
xing1248;NA;no;NA
xipa1240;NA;no;NA
xiri1243;NA;no;NA
xokl1240;NA;no;NA
xwel1235;NA;no;NA
yaba1248;NA;no;NA
yaga1260;no;no;NA
yagn1238;NA;no;NA
yagu1244;no;yes;NA
yaku1245;NA;no;NA
yala1262;NA;yes;NA
yala1263;NA;no;NA
yalu1240;NA;no;NA
yama1264;yes;yes;NA
yamb1251;NA;no;NA
yamb1252;NA;no;NA
yame1242;NA;yes;NA
yami1256;NA;no;NA
yana1271;yes;yes;NA
yand1251;NA;yes;NA
yand1253;yes;yes;NA
yane1238;NA;no;NA
yang1288;NA;yes;NA
yank1247;yes;yes;NA
yann1237;NA;yes;NA
yano1261;NA;yes;NA
yano1262;yes;yes;NA
yans1239;NA;no;NA
yany1243;yes;yes;NA
yaoo1241;NA;no;NA
yaou1238;NA;no;NA
yape1248;NA;no;NA
yaqu1251;NA;no;NA
yare1248;NA;no;NA
yavi1244;NA;no;NA
yawa1258;NA;yes;NA
yawa1260;NA;no;NA
yawa1261;NA;no;NA
yawu1244;yes;yes;NA
yayg1236;NA;yes;NA
yekh1238;NA;no;NA
yemb1246;NA;no;NA
yems1235;NA;no;NA
yeru1240;NA;no;NA
yess1239;no;yes;NA
yeyi1239;NA;no;NA
yidi1250;yes;yes;NA
yill1241;NA;no;NA
yind1247;yes;yes;NA
yine1238;NA;no;NA
ying1247;yes;yes;NA
yomm1242;NA;no;NA
yong1270;NA;no;NA
yora1241;NA;no;NA
yort1237;NA;yes;NA
yoru1245;no;no;NA
yuca1254;NA;no;NA
yuch1247;NA;no;NA
yucu1253;NA;no;NA
yuec1235;NA;no;NA
yuga1244;NA;yes;NA
yuhu1238;yes;yes;NA
yuki1243;yes;yes;NA
yukp1241;NA;no;NA
yulu1243;NA;no;NA
yuqu1240;NA;yes;NA
yura1255;NA;no;NA
yuro1248;yes;yes;NA
yuru1263;NA;no;NA
yuwa1244;no;yes;NA
zagh1240;NA;no;NA
zaiw1241;NA;no;NA
zand1248;NA;no;NA
zapa1253;no;yes;NA
zarm1239;NA;no;NA
zays1235;NA;no;NA
zayy1238;NA;no;NA
zinz1238;NA;no;NA
zoee1240;NA;no;NA
zoog1238;no;no;NA
zulg1242;NA;no;NA
zulu1248;NA;no;NA
zuni1245;no;no;NA
arap1274;NA;NA;yes
atsu1245;NA;NA;yes
baff1240;NA;NA;yes
bann1248;NA;NA;yes
bell1263;NA;NA;yes
cari1277;NA;NA;yes
carr1249;NA;NA;yes
cent2128;NA;NA;yes
cent2140;NA;NA;yes
chey1247;NA;NA;yes
chil1280;NA;NA;yes
chin1286;NA;NA;yes
chug1254;NA;NA;yes
clal1241;NA;NA;yes
coah1252;NA;NA;yes
coma1245;NA;NA;yes
coos1249;NA;NA;yes
copp1244;NA;NA;yes
cowi1241;NA;NA;yes
crow1244;NA;NA;yes
dogr1252;NA;NA;yes
gitx1241;NA;NA;yes
gosi1242;NA;NA;yes
gwic1235;NA;NA;yes
hann1241;NA;NA;yes
holi1241;NA;NA;yes
isla1276;NA;NA;yes
juho1239;NA;NA;yes
klam1254;NA;NA;yes
klam1254;NA;NA;yes
kobu1239;NA;NA;yes
koni1262;NA;NA;yes
kotz1238;NA;NA;yes
koyu1237;NA;NA;yes
kumi1248;NA;NA;yes
kusk1241;NA;NA;yes
kusk1241;NA;NA;yes
kute1249;NA;NA;yes
lako1247;NA;NA;yes
lowe1427;NA;NA;yes
maka1318;NA;NA;yes
mono1275;NA;NA;yes
mono1275;NA;NA;yes
mono1275;NA;NA;yes
mono1275;NA;NA;yes
nets1241;NA;NA;yes
nort1551;NA;NA;yes
nort1551;NA;NA;yes
nort1551;NA;NA;yes
nort2941;NA;NA;yes
nort2942;NA;NA;yes
nort2942;NA;NA;yes
nort2942;NA;NA;yes
nort2944;NA;NA;yes
nort2944;NA;NA;yes
nort2944;NA;NA;yes
nort2945;NA;NA;yes
nort2955;NA;NA;yes
nort2955;NA;NA;yes
nort2955;NA;NA;yes
nort2955;NA;NA;yes
nort2955;NA;NA;yes
nuuc1236;NA;NA;yes
pana1305;NA;NA;yes
pana1305;NA;NA;yes
pana1305;NA;NA;yes
pana1305;NA;NA;yes
pola1254;NA;NA;yes
queb1248;NA;NA;yes
quil1240;NA;NA;yes
quin1251;NA;NA;yes
sanp1257;NA;NA;yes
sars1236;NA;NA;yes
seka1250;NA;NA;yes
seve1241;NA;NA;yes
seve1241;NA;NA;yes
sigl1242;NA;NA;yes
sout2959;NA;NA;yes
sout2963;NA;NA;yes
sout2965;NA;NA;yes
sout2967;NA;NA;yes
sout2967;NA;NA;yes
sout2967;NA;NA;yes
sout2969;NA;NA;yes
sout2978;NA;NA;yes
sout2978;NA;NA;yes
squa1248;NA;NA;yes
swam1239;NA;NA;yes
tahl1239;NA;NA;yes
teni1238;NA;NA;yes
till1254;NA;NA;yes
tlin1245;NA;NA;yes
twan1247;NA;NA;yes
uppe1437;NA;NA;yes
utee1244;NA;NA;yes
utee1244;NA;NA;yes
utee1244;NA;NA;yes
utee1244;NA;NA;yes
wala1270;NA;NA;yes
wash1253;NA;NA;yes
west2618;NA;NA;yes
west2622;NA;NA;yes
west2622;NA;NA;yes
west2622;NA;NA;yes
west2622;NA;NA;yes
west2622;NA;NA;yes
west2622;NA;NA;yes
west2622;NA;NA;yes
west2622;NA;NA;yes
wini1244;NA;NA;yes
yava1252;NA;NA;yes
yuki1243;NA;NA;yes
abui1241;NA;NA;no
ariz1237;NA;NA;no
bana1287;NA;NA;yes
band1352;NA;NA;no
bets1235;NA;NA;no
biss1248;NA;NA;no
braz1246;NA;NA;no
cadd1256;NA;NA;no
cane1242;NA;NA;no
cent1989;NA;NA;no
cent2089;NA;NA;no
cent2126;NA;NA;no
cent2128;NA;NA;yes
cent2132;NA;NA;no
cham1312;NA;NA;no
chic1270;NA;NA;no
chuk1273;NA;NA;no
clas1250;NA;NA;no
cree1270;NA;NA;no
east2379;NA;NA;yes
even1259;NA;NA;yes
fipa1238;NA;NA;no
guah1255;NA;NA;yes
hanu1241;NA;NA;no
huas1242;NA;NA;no
itel1242;NA;NA;yes
kens1248;NA;NA;yes
kimm1245;NA;NA;no
kren1239;NA;NA;yes
kund1255;NA;NA;no
labr1244;NA;NA;yes
mans1258;NA;NA;yes
mari1440;NA;NA;yes
midg1235;NA;NA;no
mono1275;NA;NA;yes
moss1236;NA;NA;no
ndyu1242;NA;NA;no
negi1245;NA;NA;yes
ngan1291;NA;NA;yes
nina1238;NA;NA;yes
nort2944;NA;NA;yes
nort2955;NA;NA;yes
nucl1622;NA;NA;no
onaa1245;NA;NA;yes
oroc1248;NA;NA;yes
orok1265;NA;NA;yes
park1239;NA;NA;no
peno1243;NA;NA;yes
port1278;NA;NA;yes
qawa1238;NA;NA;yes
shua1257;NA;NA;no
sioo1240;NA;NA;no
siri1273;NA;NA;yes
sout2604;NA;NA;no
sunn1238;NA;NA;no
teda1241;NA;NA;no
teni1238;NA;NA;yes
thai1261;NA;NA;no
ticu1245;NA;NA;yes
tlin1245;NA;NA;yes
toba1269;NA;NA;yes
toll1241;NA;NA;no
tour1242;NA;NA;no
udih1248;NA;NA;yes
ulch1241;NA;NA;yes
uppe1437;NA;NA;yes
wala1270;NA;NA;yes
west2386;NA;NA;no
west2488;NA;NA;no
west2618;NA;NA;yes
west2622;NA;NA;yes
yagu1244;NA;NA;yes
yava1252;NA;NA;yes
achu1247;NA;NA;yes
achu1247;NA;NA;yes
acom1246;NA;NA;no
akim1239;NA;NA;no
alse1251;NA;NA;yes
atsu1245;NA;NA;yes
bell1243;NA;NA;yes
bell1263;NA;NA;yes
cahu1264;NA;NA;yes
cahu1264;NA;NA;yes
cahu1264;NA;NA;yes
carr1249;NA;NA;yes
carr1249;NA;NA;yes
cent2140;NA;NA;yes
chem1251;NA;NA;no
chil1280;NA;NA;yes
chil1281;NA;NA;yes
chim1301;NA;NA;yes
chin1286;NA;NA;yes
clal1241;NA;NA;yes
coch1273;NA;NA;no
coco1261;NA;NA;no
coeu1236;NA;NA;yes
colu1250;NA;NA;yes
coos1249;NA;NA;yes
cowi1241;NA;NA;yes
cupe1243;NA;NA;yes
east2545;NA;NA;yes
gali1261;NA;NA;yes
gitx1241;NA;NA;yes
gosi1242;NA;NA;yes
hais1244;NA;NA;yes
hava1249;NA;NA;no
hopi1249;NA;NA;no
hupa1239;NA;NA;yes
jeme1245;NA;NA;no
jica1244;NA;NA;no
kali1309;NA;NA;yes
kali1309;NA;NA;yes
karo1304;NA;NA;yes
kato1244;NA;NA;yes
kawa1283;NA;NA;yes
kili1268;NA;NA;yes
klam1254;NA;NA;yes
klam1254;NA;NA;yes
klik1240;NA;NA;yes
kumi1248;NA;NA;no
kumi1248;NA;NA;yes
kumi1248;NA;NA;yes
kumi1248;NA;NA;yes
kute1249;NA;NA;yes
kwak1269;NA;NA;yes
lill1248;NA;NA;yes
lipa1241;NA;NA;yes
luis1253;NA;NA;yes
lumm1243;NA;NA;yes
maka1318;NA;NA;yes
mari1440;NA;NA;no
matt1238;NA;NA;yes
mesc1238;NA;NA;no
mesc1238;NA;NA;yes
mesc1238;NA;NA;no
moha1256;NA;NA;no
mono1275;NA;NA;yes
mono1275;NA;NA;yes
mono1275;NA;NA;yes
musq1240;NA;NA;yes
namb1296;NA;NA;no
nava1243;NA;NA;no
nava1243;NA;NA;no
nezp1238;NA;NA;yes
nise1244;NA;NA;yes
nise1244;NA;NA;yes
nise1244;NA;NA;yes
noml1242;NA;NA;yes
nort1551;NA;NA;yes
nort1551;NA;NA;yes
nort2937;NA;NA;yes
nort2938;NA;NA;yes
nort2951;NA;NA;yes
nort2952;NA;NA;yes
nort2955;NA;NA;yes
nort2955;NA;NA;yes
nort2955;NA;NA;yes
nort2955;NA;NA;yes
nort2966;NA;NA;yes
nort2968;NA;NA;yes
nucl1649;NA;NA;yes
nucl1651;NA;NA;yes
nucl1651;NA;NA;yes
nucl1651;NA;NA;yes
nuuc1236;NA;NA;yes
oowe1239;NA;NA;yes
paip1241;NA;NA;yes
pana1305;NA;NA;yes
patw1250;NA;NA;yes
pent1242;NA;NA;yes
quec1382;NA;NA;no
quil1240;NA;NA;yes
quin1251;NA;NA;yes
saan1246;NA;NA;yes
sali1253;NA;NA;yes
sani1273;NA;NA;no
sanj1276;NA;NA;no
sanp1257;NA;NA;yes
sant1421;NA;NA;no
sant1425;NA;NA;no
sant1426;NA;NA;no
serr1255;NA;NA;yes
shas1239;NA;NA;yes
shas1239;NA;NA;yes
shus1248;NA;NA;yes
sius1254;NA;NA;yes
slia1241;NA;NA;yes
sout2955;NA;NA;yes
sout2956;NA;NA;yes
sout2961;NA;NA;no
sout2963;NA;NA;yes
sout2965;NA;NA;yes
sout2967;NA;NA;yes
sout2969;NA;NA;no
sout2969;NA;NA;yes
sout2969;NA;NA;no
sout2984;NA;NA;yes
sout2985;NA;NA;yes
squa1248;NA;NA;yes
taos1236;NA;NA;no
teni1238;NA;NA;yes
thom1243;NA;NA;yes
till1254;NA;NA;yes
tlin1245;NA;NA;yes
tlin1245;NA;NA;yes
toho1246;NA;NA;no
tolo1259;NA;NA;yes
tolo1259;NA;NA;yes
tong1329;NA;NA;yes
tuba1278;NA;NA;yes
tule1245;NA;NA;yes
tutu1242;NA;NA;yes
twan1247;NA;NA;yes
umat1237;NA;NA;yes
utee1244;NA;NA;yes
utee1244;NA;NA;yes
utee1244;NA;NA;yes
vall1251;NA;NA;yes
vall1251;NA;NA;yes
vall1252;NA;NA;yes
wail1244;NA;NA;yes
wail1244;NA;NA;yes
wala1270;NA;NA;no
wapp1239;NA;NA;yes
wasc1239;NA;NA;yes
wash1253;NA;NA;yes
wena1241;NA;NA;yes
west2615;NA;NA;yes
west2615;NA;NA;no
west2615;NA;NA;no
west2615;NA;NA;no
west2615;NA;NA;no
west2622;NA;NA;yes
west2622;NA;NA;no
west2622;NA;NA;yes
west2622;NA;NA;yes
wiyo1248;NA;NA;yes
yana1271;NA;NA;yes
yava1252;NA;NA;no
yava1252;NA;NA;no
yuki1243;NA;NA;yes
yuki1243;NA;NA;yes
yuro1248;NA;NA;yes
ziaa1251;NA;NA;no
zuni1245;NA;NA;no
alba1267;NA;NA;no
alge1239;NA;NA;no
assy1241;NA;NA;no
bela1254;NA;NA;no
biet1238;NA;NA;no
cent2127;NA;NA;yes
chig1238;NA;NA;no
chot1239;NA;NA;no
dhan1264;NA;NA;NA
dubl1239;NA;NA;no
gami1242;NA;NA;no
gusi1247;NA;NA;no
kara1465;NA;NA;no
khan1278;NA;NA;no
kili1267;NA;NA;no
krio1252;NA;NA;no
kurd1259;NA;NA;no
laca1243;NA;NA;no
latv1249;NA;NA;no
lule1254;NA;NA;no
maha1287;NA;NA;NA
manx1243;NA;NA;no
mari1278;NA;NA;no
meso1252;NA;NA;no
muyu1244;NA;NA;NA
muyu1244;NA;NA;NA
peno1244;NA;NA;no
rian1262;NA;NA;no
samo1305;NA;NA;no
sici1248;NA;NA;no
sout2807;NA;NA;no
sout3123;NA;NA;no
teso1249;NA;NA;no
tswa1253;NA;NA;no
tuni1259;NA;NA;no
tzot1264;NA;NA;no
vasa1239;NA;NA;no
vend1245;NA;NA;no
wall1257;NA;NA;no
